case_month,fips,age_group,total_cases
2,6001,18 to 49 years,11
3,6001,18 to 49 years,339
3,6001,65+ years,142
3,6001,50 to 64 years,187
3,6001,Unknown,13
4,6001,18 to 49 years,670
4,6001,50 to 64 years,271
4,6001,65+ years,260
4,6001,0 - 17 years,63
5,6001,50 to 64 years,297
5,6001,65+ years,151
5,6001,18 to 49 years,1199
5,6001,0 - 17 years,207
5,6001,Unknown,15
6,6001,0 - 17 years,435
6,6001,18 to 49 years,2179
6,6001,50 to 64 years,549
6,6001,65+ years,293
6,6001,Unknown,18
7,6001,50 to 64 years,1123
7,6001,18 to 49 years,4231
7,6001,0 - 17 years,672
7,6001,65+ years,523
7,6001,Missing,12
8,6001,0 - 17 years,693
8,6001,50 to 64 years,926
8,6001,18 to 49 years,3096
8,6001,65+ years,688
8,6001,Unknown,13
9,6001,50 to 64 years,422
9,6001,18 to 49 years,1563
9,6001,65+ years,251
9,6001,0 - 17 years,345
9,6001,Unknown,25
10,6001,18 to 49 years,1547
10,6001,50 to 64 years,477
10,6001,0 - 17 years,335
10,6001,65+ years,268
10,6001,Unknown,12
11,6001,18 to 49 years,5075
11,6001,50 to 64 years,1526
11,6001,65+ years,853
11,6001,0 - 17 years,976
11,6001,Unknown,28
12,6001,65+ years,2590
12,6001,0 - 17 years,2852
12,6001,50 to 64 years,4314
12,6001,18 to 49 years,13754
6,6005,Unknown,12
6,6005,18 to 49 years,12
7,6005,18 to 49 years,46
7,6005,Unknown,12
7,6005,50 to 64 years,37
7,6005,65+ years,60
8,6005,Unknown,25
8,6005,65+ years,18
8,6005,18 to 49 years,31
8,6005,50 to 64 years,12
9,6005,Unknown,25
10,6005,50 to 64 years,13
10,6005,65+ years,11
10,6005,18 to 49 years,26
10,6005,Unknown,22
11,6005,18 to 49 years,243
11,6005,65+ years,85
11,6005,0 - 17 years,25
11,6005,50 to 64 years,124
11,6005,Unknown,25
12,6005,18 to 49 years,874
12,6005,50 to 64 years,556
12,6005,0 - 17 years,66
12,6005,65+ years,339
3,6007,Unknown,14
5,6007,50 to 64 years,12
5,6007,Unknown,14
5,6007,18 to 49 years,19
6,6007,50 to 64 years,27
6,6007,Unknown,36
6,6007,0 - 17 years,13
6,6007,18 to 49 years,131
6,6007,65+ years,13
7,6007,18 to 49 years,621
7,6007,0 - 17 years,57
7,6007,50 to 64 years,86
7,6007,Unknown,13
7,6007,65+ years,80
8,6007,18 to 49 years,888
8,6007,0 - 17 years,64
8,6007,65+ years,140
8,6007,50 to 64 years,112
8,6007,Unknown,32
9,6007,50 to 64 years,58
9,6007,18 to 49 years,429
9,6007,65+ years,35
9,6007,0 - 17 years,26
10,6007,18 to 49 years,184
10,6007,0 - 17 years,31
10,6007,50 to 64 years,54
10,6007,65+ years,27
10,6007,Unknown,20
11,6007,18 to 49 years,682
11,6007,50 to 64 years,202
11,6007,65+ years,186
11,6007,0 - 17 years,128
12,6007,0 - 17 years,365
12,6007,65+ years,550
12,6007,18 to 49 years,2113
12,6007,50 to 64 years,574
12,6007,Unknown,15
6,6009,Unknown,27
6,6009,18 to 49 years,13
7,6009,18 to 49 years,46
7,6009,50 to 64 years,19
7,6009,65+ years,13
8,6009,50 to 64 years,24
8,6009,65+ years,51
8,6009,18 to 49 years,34
8,6009,Unknown,16
9,6009,18 to 49 years,14
9,6009,Unknown,17
9,6009,65+ years,12
10,6009,18 to 49 years,13
10,6009,50 to 64 years,11
10,6009,Unknown,12
11,6009,18 to 49 years,105
11,6009,65+ years,43
11,6009,50 to 64 years,68
11,6009,0 - 17 years,14
12,6009,0 - 17 years,48
12,6009,18 to 49 years,313
12,6009,65+ years,124
12,6009,50 to 64 years,171
6,6011,18 to 49 years,60
6,6011,50 to 64 years,14
6,6011,Unknown,12
7,6011,18 to 49 years,155
7,6011,Unknown,12
7,6011,65+ years,59
7,6011,0 - 17 years,22
7,6011,50 to 64 years,35
8,6011,18 to 49 years,61
8,6011,Unknown,20
8,6011,0 - 17 years,18
9,6011,18 to 49 years,37
9,6011,Unknown,22
10,6011,18 to 49 years,22
10,6011,Unknown,19
11,6011,65+ years,27
11,6011,18 to 49 years,174
11,6011,0 - 17 years,24
11,6011,50 to 64 years,54
12,6011,18 to 49 years,305
12,6011,65+ years,47
12,6011,0 - 17 years,66
12,6011,50 to 64 years,107
2,6013,Unknown,19
3,6013,18 to 49 years,240
3,6013,65+ years,85
3,6013,50 to 64 years,138
4,6013,18 to 49 years,252
4,6013,65+ years,124
4,6013,50 to 64 years,116
4,6013,0 - 17 years,16
4,6013,Unknown,12
5,6013,18 to 49 years,415
5,6013,65+ years,74
5,6013,50 to 64 years,116
5,6013,0 - 17 years,84
6,6013,18 to 49 years,1456
6,6013,50 to 64 years,409
6,6013,65+ years,270
6,6013,0 - 17 years,282
7,6013,18 to 49 years,3887
7,6013,0 - 17 years,797
7,6013,65+ years,573
7,6013,50 to 64 years,1108
7,6013,Unknown,14
8,6013,50 to 64 years,704
8,6013,0 - 17 years,720
8,6013,18 to 49 years,2615
8,6013,65+ years,316
9,6013,18 to 49 years,1507
9,6013,50 to 64 years,452
9,6013,0 - 17 years,451
9,6013,65+ years,200
10,6013,18 to 49 years,1191
10,6013,50 to 64 years,456
10,6013,65+ years,215
10,6013,0 - 17 years,371
11,6013,18 to 49 years,3799
11,6013,50 to 64 years,1269
11,6013,0 - 17 years,923
11,6013,65+ years,680
11,6013,Unknown,17
12,6013,50 to 64 years,3243
12,6013,0 - 17 years,2453
12,6013,18 to 49 years,9444
12,6013,65+ years,2066
5,6015,Unknown,15
5,6015,18 to 49 years,26
6,6015,Unknown,14
7,6015,18 to 49 years,13
7,6015,Unknown,17
8,6015,18 to 49 years,11
8,6015,Unknown,17
9,6015,18 to 49 years,20
10,6015,18 to 49 years,26
10,6015,0 - 17 years,14
11,6015,18 to 49 years,135
11,6015,50 to 64 years,48
11,6015,0 - 17 years,16
11,6015,65+ years,12
12,6015,18 to 49 years,209
12,6015,50 to 64 years,95
12,6015,65+ years,32
12,6015,0 - 17 years,29
3,6017,18 to 49 years,14
3,6017,50 to 64 years,13
4,6017,Unknown,16
4,6017,18 to 49 years,11
5,6017,50 to 64 years,14
5,6017,18 to 49 years,27
5,6017,Unknown,13
6,6017,Unknown,15
6,6017,18 to 49 years,114
6,6017,0 - 17 years,11
6,6017,50 to 64 years,24
6,6017,65+ years,11
7,6017,50 to 64 years,101
7,6017,Unknown,17
7,6017,18 to 49 years,310
7,6017,0 - 17 years,38
7,6017,65+ years,40
8,6017,Unknown,14
8,6017,65+ years,27
8,6017,18 to 49 years,129
8,6017,0 - 17 years,13
8,6017,50 to 64 years,42
9,6017,50 to 64 years,43
9,6017,18 to 49 years,115
9,6017,65+ years,14
9,6017,0 - 17 years,24
9,6017,Unknown,17
10,6017,0 - 17 years,30
10,6017,65+ years,24
10,6017,50 to 64 years,82
10,6017,18 to 49 years,126
11,6017,18 to 49 years,880
11,6017,0 - 17 years,188
11,6017,65+ years,231
11,6017,50 to 64 years,378
12,6017,18 to 49 years,1700
12,6017,50 to 64 years,822
12,6017,0 - 17 years,369
12,6017,65+ years,611
12,6017,Unknown,21
3,6019,18 to 49 years,127
3,6019,50 to 64 years,53
3,6019,65+ years,29
3,6019,Unknown,23
4,6019,18 to 49 years,417
4,6019,50 to 64 years,207
4,6019,65+ years,181
4,6019,Unknown,12
4,6019,0 - 17 years,41
5,6019,18 to 49 years,1168
5,6019,50 to 64 years,393
5,6019,0 - 17 years,220
5,6019,65+ years,257
6,6019,65+ years,493
6,6019,18 to 49 years,4368
6,6019,0 - 17 years,744
6,6019,50 to 64 years,1028
7,6019,18 to 49 years,7104
7,6019,50 to 64 years,2012
7,6019,65+ years,1002
7,6019,0 - 17 years,1726
7,6019,Missing,55
7,6019,Unknown,23
8,6019,0 - 17 years,1007
8,6019,65+ years,538
8,6019,18 to 49 years,3578
8,6019,50 to 64 years,963
8,6019,Unknown,19
8,6019,Missing,43
9,6019,0 - 17 years,483
9,6019,50 to 64 years,536
9,6019,18 to 49 years,1710
9,6019,65+ years,267
9,6019,Unknown,11
10,6019,0 - 17 years,484
10,6019,18 to 49 years,1879
10,6019,65+ years,295
10,6019,50 to 64 years,533
11,6019,50 to 64 years,1765
11,6019,0 - 17 years,1240
11,6019,18 to 49 years,6310
11,6019,65+ years,1111
11,6019,Unknown,18
12,6019,18 to 49 years,16242
12,6019,50 to 64 years,4893
12,6019,65+ years,3235
12,6019,0 - 17 years,3763
12,6019,Missing,15
5,6021,Unknown,13
6,6021,18 to 49 years,79
6,6021,50 to 64 years,26
6,6021,0 - 17 years,25
6,6021,65+ years,12
7,6021,18 to 49 years,117
7,6021,50 to 64 years,32
7,6021,0 - 17 years,33
7,6021,65+ years,23
7,6021,Unknown,11
8,6021,18 to 49 years,57
8,6021,0 - 17 years,17
8,6021,65+ years,11
8,6021,50 to 64 years,13
9,6021,18 to 49 years,82
9,6021,50 to 64 years,11
9,6021,0 - 17 years,18
9,6021,Unknown,17
10,6021,65+ years,14
10,6021,50 to 64 years,23
10,6021,18 to 49 years,48
10,6021,Unknown,17
11,6021,18 to 49 years,195
11,6021,0 - 17 years,51
11,6021,50 to 64 years,67
11,6021,65+ years,57
12,6021,50 to 64 years,117
12,6021,0 - 17 years,71
12,6021,18 to 49 years,314
12,6021,65+ years,77
12,6021,Unknown,12
3,6023,18 to 49 years,25
3,6023,Unknown,24
5,6023,Unknown,14
5,6023,18 to 49 years,26
5,6023,50 to 64 years,12
6,6023,Unknown,18
6,6023,18 to 49 years,31
7,6023,18 to 49 years,74
7,6023,Unknown,15
7,6023,0 - 17 years,17
8,6023,18 to 49 years,93
8,6023,65+ years,12
8,6023,50 to 64 years,12
8,6023,0 - 17 years,32
8,6023,Unknown,12
9,6023,18 to 49 years,58
9,6023,50 to 64 years,11
9,6023,0 - 17 years,16
10,6023,18 to 49 years,49
10,6023,Unknown,26
11,6023,0 - 17 years,29
11,6023,18 to 49 years,323
11,6023,65+ years,31
11,6023,50 to 64 years,52
12,6023,18 to 49 years,491
12,6023,50 to 64 years,153
12,6023,65+ years,129
12,6023,0 - 17 years,117
3,6025,50 to 64 years,27
3,6025,Unknown,16
3,6025,65+ years,17
3,6025,18 to 49 years,33
4,6025,50 to 64 years,78
4,6025,65+ years,71
4,6025,0 - 17 years,32
4,6025,18 to 49 years,295
4,6025,Unknown,11
5,6025,65+ years,376
5,6025,18 to 49 years,1772
5,6025,50 to 64 years,783
5,6025,0 - 17 years,308
6,6025,0 - 17 years,582
6,6025,50 to 64 years,889
6,6025,18 to 49 years,2355
6,6025,65+ years,581
6,6025,Unknown,14
7,6025,0 - 17 years,334
7,6025,18 to 49 years,1156
7,6025,65+ years,257
7,6025,50 to 64 years,444
8,6025,0 - 17 years,133
8,6025,18 to 49 years,515
8,6025,65+ years,130
8,6025,50 to 64 years,178
9,6025,50 to 64 years,114
9,6025,0 - 17 years,98
9,6025,18 to 49 years,373
9,6025,65+ years,90
10,6025,50 to 64 years,240
10,6025,0 - 17 years,195
10,6025,18 to 49 years,687
10,6025,65+ years,142
11,6025,0 - 17 years,456
11,6025,50 to 64 years,734
11,6025,18 to 49 years,2173
11,6025,65+ years,401
12,6025,50 to 64 years,1338
12,6025,0 - 17 years,807
12,6025,18 to 49 years,3683
12,6025,65+ years,844
3,6029,50 to 64 years,79
3,6029,18 to 49 years,146
3,6029,65+ years,44
4,6029,65+ years,110
4,6029,0 - 17 years,72
4,6029,50 to 64 years,218
4,6029,18 to 49 years,547
5,6029,18 to 49 years,908
5,6029,50 to 64 years,351
5,6029,65+ years,205
5,6029,0 - 17 years,187
6,6029,18 to 49 years,4308
6,6029,50 to 64 years,1076
6,6029,0 - 17 years,756
6,6029,65+ years,518
7,6029,18 to 49 years,9803
7,6029,65+ years,1186
7,6029,50 to 64 years,2643
7,6029,0 - 17 years,1726
8,6029,50 to 64 years,982
8,6029,18 to 49 years,2873
8,6029,0 - 17 years,607
8,6029,65+ years,475
9,6029,18 to 49 years,1321
9,6029,50 to 64 years,437
9,6029,65+ years,222
9,6029,0 - 17 years,242
10,6029,18 to 49 years,1329
10,6029,65+ years,187
10,6029,0 - 17 years,315
10,6029,50 to 64 years,425
11,6029,18 to 49 years,5485
11,6029,65+ years,844
11,6029,0 - 17 years,1269
11,6029,50 to 64 years,1593
11,6029,Unknown,16
12,6029,18 to 49 years,15982
12,6029,0 - 17 years,3155
12,6029,50 to 64 years,4640
12,6029,65+ years,2361
12,6029,Unknown,25
12,6029,Missing,16
3,6031,18 to 49 years,12
4,6031,18 to 49 years,162
4,6031,50 to 64 years,35
4,6031,Unknown,14
4,6031,0 - 17 years,13
5,6031,18 to 49 years,681
5,6031,50 to 64 years,224
5,6031,65+ years,29
5,6031,Unknown,18
5,6031,0 - 17 years,38
6,6031,50 to 64 years,293
6,6031,0 - 17 years,140
6,6031,18 to 49 years,959
6,6031,65+ years,127
6,6031,Unknown,14
7,6031,18 to 49 years,1248
7,6031,50 to 64 years,420
7,6031,Unknown,21
7,6031,65+ years,136
7,6031,0 - 17 years,180
8,6031,18 to 49 years,1028
8,6031,50 to 64 years,346
8,6031,65+ years,91
8,6031,0 - 17 years,125
9,6031,50 to 64 years,417
9,6031,0 - 17 years,55
9,6031,18 to 49 years,1079
9,6031,65+ years,53
10,6031,50 to 64 years,151
10,6031,18 to 49 years,675
10,6031,65+ years,26
10,6031,0 - 17 years,38
10,6031,Unknown,21
11,6031,18 to 49 years,1924
11,6031,50 to 64 years,727
11,6031,65+ years,234
11,6031,0 - 17 years,222
12,6031,65+ years,402
12,6031,18 to 49 years,2964
12,6031,50 to 64 years,938
12,6031,0 - 17 years,631
5,6033,18 to 49 years,15
6,6033,18 to 49 years,44
6,6033,Unknown,19
7,6033,Unknown,20
7,6033,0 - 17 years,13
7,6033,18 to 49 years,75
7,6033,50 to 64 years,19
7,6033,65+ years,14
8,6033,18 to 49 years,77
8,6033,50 to 64 years,15
8,6033,65+ years,12
8,6033,0 - 17 years,17
9,6033,18 to 49 years,120
9,6033,65+ years,47
9,6033,50 to 64 years,42
9,6033,0 - 17 years,12
10,6033,18 to 49 years,65
10,6033,0 - 17 years,12
10,6033,50 to 64 years,27
10,6033,65+ years,44
11,6033,18 to 49 years,171
11,6033,50 to 64 years,90
11,6033,65+ years,41
11,6033,0 - 17 years,53
12,6033,18 to 49 years,503
12,6033,0 - 17 years,106
12,6033,50 to 64 years,190
12,6033,65+ years,138
6,6035,18 to 49 years,219
6,6035,50 to 64 years,15
7,6035,18 to 49 years,348
7,6035,Unknown,12
7,6035,50 to 64 years,28
8,6035,18 to 49 years,72
8,6035,Unknown,13
9,6035,Unknown,12
9,6035,18 to 49 years,14
10,6035,Unknown,19
10,6035,18 to 49 years,27
11,6035,18 to 49 years,1315
11,6035,50 to 64 years,209
11,6035,0 - 17 years,13
11,6035,65+ years,46
12,6035,18 to 49 years,1663
12,6035,65+ years,109
12,6035,50 to 64 years,344
12,6035,Unknown,13
12,6035,0 - 17 years,30
1,6037,0 - 17 years,27
1,6037,50 to 64 years,37
1,6037,18 to 49 years,156
1,6037,65+ years,14
2,6037,50 to 64 years,30
2,6037,18 to 49 years,52
2,6037,65+ years,12
2,6037,Unknown,25
3,6037,65+ years,1371
3,6037,18 to 49 years,3504
3,6037,50 to 64 years,1902
3,6037,0 - 17 years,75
3,6037,Unknown,22
4,6037,18 to 49 years,11482
4,6037,50 to 64 years,5695
4,6037,0 - 17 years,938
4,6037,65+ years,5171
4,6037,Missing,24
5,6037,0 - 17 years,2545
5,6037,18 to 49 years,17696
5,6037,50 to 64 years,6616
5,6037,65+ years,4982
5,6037,Missing,22
6,6037,18 to 49 years,36850
6,6037,50 to 64 years,10551
6,6037,65+ years,5551
6,6037,0 - 17 years,5683
6,6037,Missing,35
7,6037,50 to 64 years,14808
7,6037,65+ years,6990
7,6037,18 to 49 years,50628
7,6037,0 - 17 years,9529
7,6037,Missing,41
8,6037,18 to 49 years,24391
8,6037,0 - 17 years,5838
8,6037,65+ years,4200
8,6037,50 to 64 years,7724
8,6037,Missing,12
9,6037,18 to 49 years,16452
9,6037,65+ years,2804
9,6037,50 to 64 years,5223
9,6037,0 - 17 years,3447
10,6037,18 to 49 years,22221
10,6037,0 - 17 years,5311
10,6037,50 to 64 years,7231
10,6037,65+ years,3425
10,6037,Missing,19
11,6037,18 to 49 years,70790
11,6037,0 - 17 years,15758
11,6037,50 to 64 years,21663
11,6037,65+ years,10797
11,6037,Missing,33
12,6037,65+ years,41296
12,6037,50 to 64 years,77799
12,6037,0 - 17 years,57469
12,6037,18 to 49 years,230121
12,6037,Missing,164
3,6039,18 to 49 years,14
3,6039,Unknown,26
4,6039,18 to 49 years,27
5,6039,18 to 49 years,95
5,6039,0 - 17 years,26
5,6039,65+ years,14
5,6039,50 to 64 years,21
5,6039,Unknown,14
6,6039,18 to 49 years,465
6,6039,50 to 64 years,122
6,6039,0 - 17 years,85
6,6039,Unknown,13
6,6039,65+ years,55
7,6039,50 to 64 years,316
7,6039,0 - 17 years,249
7,6039,18 to 49 years,1097
7,6039,65+ years,207
8,6039,18 to 49 years,590
8,6039,0 - 17 years,179
8,6039,50 to 64 years,189
8,6039,65+ years,150
9,6039,0 - 17 years,86
9,6039,18 to 49 years,360
9,6039,65+ years,65
9,6039,50 to 64 years,175
10,6039,50 to 64 years,93
10,6039,18 to 49 years,298
10,6039,0 - 17 years,65
10,6039,65+ years,67
11,6039,18 to 49 years,941
11,6039,50 to 64 years,468
11,6039,65+ years,211
11,6039,0 - 17 years,159
12,6039,18 to 49 years,2657
12,6039,65+ years,458
12,6039,0 - 17 years,464
12,6039,50 to 64 years,979
12,6039,Unknown,11
3,6041,Unknown,19
3,6041,50 to 64 years,48
3,6041,18 to 49 years,29
3,6041,65+ years,36
4,6041,50 to 64 years,27
4,6041,18 to 49 years,51
4,6041,0 - 17 years,11
4,6041,65+ years,25
5,6041,50 to 64 years,37
5,6041,0 - 17 years,39
5,6041,18 to 49 years,178
5,6041,65+ years,17
6,6041,50 to 64 years,675
6,6041,18 to 49 years,1306
6,6041,0 - 17 years,173
6,6041,65+ years,358
6,6041,Missing,12
6,6041,Unknown,18
7,6041,0 - 17 years,195
7,6041,18 to 49 years,1229
7,6041,50 to 64 years,511
7,6041,65+ years,398
7,6041,Unknown,25
8,6041,18 to 49 years,468
8,6041,50 to 64 years,152
8,6041,65+ years,125
8,6041,0 - 17 years,102
9,6041,0 - 17 years,71
9,6041,18 to 49 years,284
9,6041,50 to 64 years,91
9,6041,65+ years,55
9,6041,Unknown,25
10,6041,18 to 49 years,215
10,6041,0 - 17 years,68
10,6041,50 to 64 years,63
10,6041,65+ years,43
10,6041,Unknown,18
11,6041,18 to 49 years,390
11,6041,50 to 64 years,177
11,6041,0 - 17 years,109
11,6041,65+ years,102
11,6041,Unknown,15
12,6041,18 to 49 years,1162
12,6041,0 - 17 years,355
12,6041,65+ years,289
12,6041,50 to 64 years,384
12,6041,Unknown,20
5,6045,Unknown,20
6,6045,18 to 49 years,36
6,6045,Unknown,22
7,6045,50 to 64 years,39
7,6045,18 to 49 years,132
7,6045,Unknown,12
7,6045,0 - 17 years,20
7,6045,65+ years,24
8,6045,0 - 17 years,28
8,6045,18 to 49 years,215
8,6045,50 to 64 years,50
8,6045,65+ years,23
8,6045,Unknown,11
9,6045,50 to 64 years,35
9,6045,18 to 49 years,151
9,6045,0 - 17 years,40
9,6045,65+ years,25
10,6045,50 to 64 years,35
10,6045,18 to 49 years,87
10,6045,0 - 17 years,15
10,6045,65+ years,19
10,6045,Unknown,11
11,6045,50 to 64 years,88
11,6045,18 to 49 years,335
11,6045,65+ years,51
11,6045,0 - 17 years,73
12,6045,18 to 49 years,566
12,6045,65+ years,82
12,6045,50 to 64 years,178
12,6045,0 - 17 years,107
3,6047,18 to 49 years,11
3,6047,Unknown,21
4,6047,18 to 49 years,96
4,6047,50 to 64 years,39
4,6047,65+ years,16
4,6047,Unknown,14
5,6047,0 - 17 years,25
5,6047,18 to 49 years,107
5,6047,50 to 64 years,42
5,6047,65+ years,11
6,6047,0 - 17 years,162
6,6047,18 to 49 years,918
6,6047,65+ years,86
6,6047,50 to 64 years,284
7,6047,50 to 64 years,796
7,6047,65+ years,355
7,6047,0 - 17 years,456
7,6047,Unknown,13
7,6047,18 to 49 years,2497
8,6047,18 to 49 years,1321
8,6047,65+ years,222
8,6047,50 to 64 years,425
8,6047,Unknown,20
8,6047,0 - 17 years,265
9,6047,50 to 64 years,147
9,6047,0 - 17 years,127
9,6047,18 to 49 years,463
9,6047,65+ years,58
10,6047,0 - 17 years,132
10,6047,50 to 64 years,125
10,6047,18 to 49 years,474
10,6047,65+ years,68
11,6047,18 to 49 years,1748
11,6047,65+ years,289
11,6047,0 - 17 years,360
11,6047,50 to 64 years,490
11,6047,Unknown,25
12,6047,18 to 49 years,4420
12,6047,50 to 64 years,1318
12,6047,0 - 17 years,924
12,6047,65+ years,669
12,6047,Unknown,23
3,6053,50 to 64 years,17
3,6053,Unknown,21
3,6053,18 to 49 years,37
4,6053,18 to 49 years,113
4,6053,65+ years,22
4,6053,50 to 64 years,36
4,6053,Unknown,16
5,6053,18 to 49 years,317
5,6053,50 to 64 years,67
5,6053,65+ years,23
5,6053,Unknown,15
5,6053,0 - 17 years,27
6,6053,50 to 64 years,233
6,6053,0 - 17 years,196
6,6053,18 to 49 years,1069
6,6053,65+ years,69
7,6053,0 - 17 years,390
7,6053,50 to 64 years,578
7,6053,18 to 49 years,2166
7,6053,65+ years,204
8,6053,50 to 64 years,488
8,6053,18 to 49 years,1728
8,6053,0 - 17 years,374
8,6053,65+ years,174
9,6053,18 to 49 years,1123
9,6053,50 to 64 years,324
9,6053,65+ years,97
9,6053,0 - 17 years,288
10,6053,18 to 49 years,1046
10,6053,50 to 64 years,274
10,6053,65+ years,115
10,6053,0 - 17 years,201
10,6053,Unknown,20
11,6053,0 - 17 years,605
11,6053,18 to 49 years,2999
11,6053,65+ years,379
11,6053,50 to 64 years,928
12,6053,18 to 49 years,7979
12,6053,65+ years,1077
12,6053,0 - 17 years,1606
12,6053,50 to 64 years,2581
3,6055,Unknown,18
3,6055,18 to 49 years,16
4,6055,Unknown,17
4,6055,18 to 49 years,16
4,6055,50 to 64 years,14
5,6055,18 to 49 years,25
5,6055,50 to 64 years,11
5,6055,0 - 17 years,13
5,6055,Unknown,15
6,6055,50 to 64 years,83
6,6055,65+ years,27
6,6055,18 to 49 years,178
6,6055,0 - 17 years,52
7,6055,0 - 17 years,75
7,6055,65+ years,74
7,6055,18 to 49 years,396
7,6055,50 to 64 years,142
8,6055,18 to 49 years,186
8,6055,0 - 17 years,52
8,6055,65+ years,30
8,6055,50 to 64 years,61
9,6055,65+ years,35
9,6055,0 - 17 years,52
9,6055,18 to 49 years,139
9,6055,50 to 64 years,39
10,6055,65+ years,41
10,6055,50 to 64 years,70
10,6055,18 to 49 years,243
10,6055,0 - 17 years,75
11,6055,50 to 64 years,267
11,6055,0 - 17 years,209
11,6055,65+ years,138
11,6055,18 to 49 years,815
12,6055,50 to 64 years,554
12,6055,18 to 49 years,1519
12,6055,0 - 17 years,353
12,6055,65+ years,293
12,6055,Unknown,24
3,6057,18 to 49 years,14
3,6057,50 to 64 years,14
6,6057,0 - 17 years,18
6,6057,18 to 49 years,55
6,6057,50 to 64 years,11
6,6057,65+ years,12
6,6057,Unknown,12
7,6057,18 to 49 years,114
7,6057,50 to 64 years,30
7,6057,0 - 17 years,16
7,6057,65+ years,21
8,6057,65+ years,17
8,6057,50 to 64 years,25
8,6057,18 to 49 years,45
8,6057,Unknown,35
9,6057,50 to 64 years,17
9,6057,65+ years,11
9,6057,18 to 49 years,46
9,6057,Unknown,19
10,6057,Unknown,20
10,6057,65+ years,24
10,6057,18 to 49 years,56
10,6057,50 to 64 years,32
11,6057,18 to 49 years,416
11,6057,50 to 64 years,210
11,6057,65+ years,206
11,6057,0 - 17 years,120
11,6057,Unknown,19
12,6057,0 - 17 years,106
12,6057,18 to 49 years,547
12,6057,50 to 64 years,291
12,6057,65+ years,277
12,6057,Unknown,26
1,6059,Unknown,11
2,6059,18 to 49 years,32
2,6059,50 to 64 years,16
3,6059,18 to 49 years,618
3,6059,50 to 64 years,380
3,6059,65+ years,252
3,6059,0 - 17 years,12
4,6059,0 - 17 years,51
4,6059,65+ years,604
4,6059,50 to 64 years,588
4,6059,18 to 49 years,1297
4,6059,Unknown,18
5,6059,50 to 64 years,1159
5,6059,18 to 49 years,2732
5,6059,65+ years,1114
5,6059,0 - 17 years,270
5,6059,Unknown,14
6,6059,18 to 49 years,9870
6,6059,0 - 17 years,849
6,6059,50 to 64 years,2657
6,6059,65+ years,1410
6,6059,Missing,12
6,6059,Unknown,26
7,6059,0 - 17 years,1514
7,6059,18 to 49 years,12072
7,6059,65+ years,1982
7,6059,50 to 64 years,4014
7,6059,Unknown,16
7,6059,Missing,20
8,6059,18 to 49 years,3948
8,6059,50 to 64 years,1365
8,6059,65+ years,899
8,6059,0 - 17 years,666
8,6059,Unknown,38
9,6059,18 to 49 years,2984
9,6059,50 to 64 years,990
9,6059,65+ years,658
9,6059,0 - 17 years,596
9,6059,Unknown,20
10,6059,65+ years,726
10,6059,50 to 64 years,1376
10,6059,Unknown,18
10,6059,18 to 49 years,3740
10,6059,0 - 17 years,643
11,6059,50 to 64 years,5261
11,6059,18 to 49 years,14635
11,6059,65+ years,2632
11,6059,0 - 17 years,2705
11,6059,Missing,14
11,6059,Unknown,12
12,6059,18 to 49 years,50446
12,6059,50 to 64 years,18494
12,6059,65+ years,10011
12,6059,0 - 17 years,9369
12,6059,Missing,62
3,6061,18 to 49 years,52
3,6061,50 to 64 years,40
3,6061,65+ years,14
4,6061,18 to 49 years,13
4,6061,Unknown,16
4,6061,50 to 64 years,12
4,6061,65+ years,12
5,6061,18 to 49 years,54
5,6061,50 to 64 years,13
5,6061,Unknown,14
5,6061,0 - 17 years,12
6,6061,18 to 49 years,445
6,6061,0 - 17 years,65
6,6061,Unknown,14
6,6061,50 to 64 years,128
6,6061,65+ years,45
7,6061,0 - 17 years,88
7,6061,50 to 64 years,269
7,6061,65+ years,164
7,6061,18 to 49 years,796
7,6061,Unknown,28
8,6061,50 to 64 years,190
8,6061,65+ years,91
8,6061,Unknown,16
8,6061,18 to 49 years,447
8,6061,0 - 17 years,111
9,6061,18 to 49 years,272
9,6061,50 to 64 years,125
9,6061,65+ years,78
9,6061,0 - 17 years,61
10,6061,50 to 64 years,205
10,6061,18 to 49 years,517
10,6061,0 - 17 years,143
10,6061,65+ years,112
10,6061,Unknown,11
11,6061,18 to 49 years,1795
11,6061,0 - 17 years,348
11,6061,50 to 64 years,736
11,6061,65+ years,639
11,6061,Unknown,20
12,6061,18 to 49 years,3459
12,6061,50 to 64 years,1536
12,6061,65+ years,1301
12,6061,0 - 17 years,726
12,6061,Missing,15
12,6061,Unknown,14
1,6065,18 to 49 years,18
1,6065,Unknown,20
2,6065,Unknown,15
3,6065,0 - 17 years,15
3,6065,18 to 49 years,598
3,6065,65+ years,208
3,6065,50 to 64 years,321
3,6065,Unknown,13
4,6065,18 to 49 years,1762
4,6065,65+ years,777
4,6065,50 to 64 years,889
4,6065,0 - 17 years,195
4,6065,Unknown,22
5,6065,18 to 49 years,2795
5,6065,0 - 17 years,437
5,6065,50 to 64 years,1136
5,6065,65+ years,514
5,6065,Unknown,15
6,6065,65+ years,1344
6,6065,18 to 49 years,9518
6,6065,0 - 17 years,1410
6,6065,Unknown,23
6,6065,50 to 64 years,2740
7,6065,18 to 49 years,12546
7,6065,65+ years,1938
7,6065,0 - 17 years,2012
7,6065,50 to 64 years,4043
7,6065,Missing,14
8,6065,50 to 64 years,1728
8,6065,0 - 17 years,1103
8,6065,18 to 49 years,5008
8,6065,65+ years,855
8,6065,Unknown,26
9,6065,65+ years,555
9,6065,18 to 49 years,4037
9,6065,50 to 64 years,1335
9,6065,0 - 17 years,675
9,6065,Unknown,26
10,6065,65+ years,914
10,6065,0 - 17 years,1165
10,6065,50 to 64 years,1930
10,6065,18 to 49 years,5430
10,6065,Unknown,22
11,6065,65+ years,2988
11,6065,0 - 17 years,4053
11,6065,18 to 49 years,17712
11,6065,50 to 64 years,5911
11,6065,Unknown,14
12,6065,0 - 17 years,13857
12,6065,65+ years,9424
12,6065,18 to 49 years,56084
12,6065,Missing,91
12,6065,50 to 64 years,18643
2,6067,Unknown,16
3,6067,50 to 64 years,164
3,6067,18 to 49 years,252
3,6067,65+ years,175
4,6067,18 to 49 years,252
4,6067,65+ years,157
4,6067,0 - 17 years,13
4,6067,50 to 64 years,111
5,6067,0 - 17 years,38
5,6067,18 to 49 years,247
5,6067,65+ years,41
5,6067,50 to 64 years,59
6,6067,18 to 49 years,1933
6,6067,50 to 64 years,511
6,6067,65+ years,283
6,6067,0 - 17 years,324
7,6067,18 to 49 years,5353
7,6067,50 to 64 years,1541
7,6067,Unknown,21
7,6067,0 - 17 years,709
7,6067,65+ years,891
8,6067,50 to 64 years,1122
8,6067,0 - 17 years,491
8,6067,18 to 49 years,3534
8,6067,65+ years,826
8,6067,Unknown,15
9,6067,50 to 64 years,984
9,6067,0 - 17 years,289
9,6067,18 to 49 years,2415
9,6067,65+ years,584
9,6067,Unknown,13
10,6067,50 to 64 years,712
10,6067,65+ years,511
10,6067,18 to 49 years,2242
10,6067,0 - 17 years,344
10,6067,Unknown,11
11,6067,0 - 17 years,1461
11,6067,50 to 64 years,2796
11,6067,65+ years,1980
11,6067,18 to 49 years,8254
11,6067,Unknown,27
12,6067,18 to 49 years,16607
12,6067,50 to 64 years,5245
12,6067,0 - 17 years,3080
12,6067,65+ years,3313
12,6067,Missing,12
3,6069,18 to 49 years,11
3,6069,Unknown,19
4,6069,18 to 49 years,17
5,6069,18 to 49 years,28
5,6069,50 to 64 years,11
6,6069,18 to 49 years,114
6,6069,65+ years,15
6,6069,50 to 64 years,50
6,6069,0 - 17 years,13
7,6069,18 to 49 years,225
7,6069,0 - 17 years,64
7,6069,50 to 64 years,71
7,6069,Unknown,23
7,6069,65+ years,38
8,6069,0 - 17 years,78
8,6069,18 to 49 years,257
8,6069,50 to 64 years,69
8,6069,65+ years,25
8,6069,Unknown,18
9,6069,18 to 49 years,108
9,6069,0 - 17 years,32
9,6069,65+ years,16
9,6069,50 to 64 years,25
10,6069,18 to 49 years,65
10,6069,50 to 64 years,26
10,6069,0 - 17 years,13
10,6069,65+ years,13
11,6069,18 to 49 years,358
11,6069,50 to 64 years,105
11,6069,65+ years,42
11,6069,0 - 17 years,85
12,6069,0 - 17 years,272
12,6069,18 to 49 years,1135
12,6069,65+ years,134
12,6069,50 to 64 years,369
1,6071,18 to 49 years,15
1,6071,Unknown,24
2,6071,Unknown,20
3,6071,65+ years,161
3,6071,50 to 64 years,221
3,6071,18 to 49 years,332
4,6071,18 to 49 years,951
4,6071,65+ years,371
4,6071,50 to 64 years,519
4,6071,0 - 17 years,84
5,6071,0 - 17 years,252
5,6071,50 to 64 years,867
5,6071,18 to 49 years,2110
5,6071,65+ years,537
5,6071,Unknown,11
6,6071,50 to 64 years,2422
6,6071,0 - 17 years,1080
6,6071,65+ years,1137
6,6071,18 to 49 years,8743
6,6071,Missing,12
6,6071,Unknown,18
7,6071,50 to 64 years,3944
7,6071,0 - 17 years,1886
7,6071,18 to 49 years,12641
7,6071,65+ years,1941
7,6071,Missing,24
8,6071,18 to 49 years,5371
8,6071,50 to 64 years,1881
8,6071,65+ years,943
8,6071,0 - 17 years,1129
8,6071,Unknown,16
9,6071,18 to 49 years,3718
9,6071,0 - 17 years,816
9,6071,65+ years,565
9,6071,50 to 64 years,1220
9,6071,Unknown,16
10,6071,50 to 64 years,2205
10,6071,0 - 17 years,1420
10,6071,18 to 49 years,6326
10,6071,65+ years,1063
10,6071,Unknown,27
11,6071,18 to 49 years,24632
11,6071,50 to 64 years,7669
11,6071,0 - 17 years,5231
11,6071,65+ years,3203
11,6071,Missing,11
11,6071,Unknown,25
12,6071,50 to 64 years,21379
12,6071,18 to 49 years,63176
12,6071,65+ years,9681
12,6071,0 - 17 years,14045
12,6071,Missing,68
2,6073,Unknown,16
3,6073,50 to 64 years,414
3,6073,65+ years,288
3,6073,18 to 49 years,849
3,6073,0 - 17 years,13
4,6073,18 to 49 years,1602
4,6073,0 - 17 years,79
4,6073,50 to 64 years,773
4,6073,65+ years,565
5,6073,18 to 49 years,2286
5,6073,0 - 17 years,278
5,6073,65+ years,609
5,6073,50 to 64 years,846
6,6073,18 to 49 years,6251
6,6073,65+ years,876
6,6073,50 to 64 years,1539
6,6073,0 - 17 years,664
7,6073,50 to 64 years,2619
7,6073,0 - 17 years,1291
7,6073,18 to 49 years,9501
7,6073,65+ years,1226
7,6073,Unknown,12
8,6073,18 to 49 years,4992
8,6073,50 to 64 years,1437
8,6073,65+ years,743
8,6073,0 - 17 years,766
9,6073,0 - 17 years,883
9,6073,18 to 49 years,5457
9,6073,50 to 64 years,1449
9,6073,65+ years,762
10,6073,18 to 49 years,6164
10,6073,65+ years,974
10,6073,0 - 17 years,1199
10,6073,50 to 64 years,1850
11,6073,18 to 49 years,18788
11,6073,50 to 64 years,5578
11,6073,65+ years,2931
11,6073,0 - 17 years,3732
11,6073,Missing,12
12,6073,50 to 64 years,16496
12,6073,0 - 17 years,11161
12,6073,18 to 49 years,48886
12,6073,65+ years,9620
12,6073,Missing,53
2,6075,Unknown,12
3,6075,18 to 49 years,438
3,6075,50 to 64 years,159
3,6075,65+ years,118
3,6075,Unknown,19
4,6075,18 to 49 years,589
4,6075,50 to 64 years,243
4,6075,65+ years,205
4,6075,0 - 17 years,53
4,6075,Unknown,17
5,6075,18 to 49 years,558
5,6075,50 to 64 years,124
5,6075,0 - 17 years,115
5,6075,65+ years,71
6,6075,50 to 64 years,189
6,6075,18 to 49 years,941
6,6075,0 - 17 years,168
6,6075,65+ years,96
7,6075,0 - 17 years,396
7,6075,18 to 49 years,2178
7,6075,50 to 64 years,498
7,6075,65+ years,209
7,6075,Unknown,11
8,6075,50 to 64 years,361
8,6075,0 - 17 years,391
8,6075,18 to 49 years,1501
8,6075,65+ years,217
8,6075,Unknown,12
9,6075,50 to 64 years,267
9,6075,18 to 49 years,932
9,6075,65+ years,218
9,6075,0 - 17 years,197
10,6075,65+ years,96
10,6075,18 to 49 years,842
10,6075,50 to 64 years,180
10,6075,0 - 17 years,147
11,6075,18 to 49 years,2667
11,6075,50 to 64 years,581
11,6075,65+ years,271
11,6075,0 - 17 years,388
12,6075,18 to 49 years,5001
12,6075,50 to 64 years,1325
12,6075,0 - 17 years,908
12,6075,65+ years,1139
12,6075,Unknown,14
3,6077,65+ years,47
3,6077,18 to 49 years,103
3,6077,50 to 64 years,76
4,6077,50 to 64 years,103
4,6077,0 - 17 years,13
4,6077,18 to 49 years,192
4,6077,65+ years,45
5,6077,18 to 49 years,353
5,6077,50 to 64 years,110
5,6077,65+ years,68
5,6077,0 - 17 years,58
6,6077,50 to 64 years,752
6,6077,65+ years,389
6,6077,18 to 49 years,2859
6,6077,0 - 17 years,422
7,6077,18 to 49 years,5537
7,6077,65+ years,1025
7,6077,0 - 17 years,874
7,6077,50 to 64 years,1771
7,6077,Unknown,24
8,6077,0 - 17 years,357
8,6077,50 to 64 years,745
8,6077,18 to 49 years,2178
8,6077,65+ years,638
8,6077,Unknown,23
9,6077,50 to 64 years,317
9,6077,65+ years,202
9,6077,18 to 49 years,1018
9,6077,0 - 17 years,220
10,6077,18 to 49 years,1143
10,6077,65+ years,218
10,6077,50 to 64 years,400
10,6077,0 - 17 years,226
11,6077,18 to 49 years,3578
11,6077,0 - 17 years,634
11,6077,50 to 64 years,1150
11,6077,65+ years,740
11,6077,Unknown,23
12,6077,50 to 64 years,4128
12,6077,0 - 17 years,2186
12,6077,18 to 49 years,11413
12,6077,65+ years,2594
12,6077,Missing,18
1,6079,Unknown,12
3,6079,65+ years,30
3,6079,18 to 49 years,43
3,6079,50 to 64 years,31
4,6079,18 to 49 years,52
4,6079,50 to 64 years,32
4,6079,0 - 17 years,12
4,6079,65+ years,12
5,6079,Unknown,15
5,6079,18 to 49 years,52
5,6079,50 to 64 years,11
5,6079,0 - 17 years,14
6,6079,18 to 49 years,311
6,6079,50 to 64 years,93
6,6079,0 - 17 years,45
6,6079,65+ years,50
7,6079,50 to 64 years,205
7,6079,65+ years,123
7,6079,18 to 49 years,770
7,6079,0 - 17 years,135
8,6079,0 - 17 years,76
8,6079,18 to 49 years,719
8,6079,50 to 64 years,176
8,6079,65+ years,57
8,6079,Unknown,15
9,6079,18 to 49 years,436
9,6079,50 to 64 years,83
9,6079,0 - 17 years,52
9,6079,65+ years,41
9,6079,Unknown,18
10,6079,Unknown,22
10,6079,65+ years,40
10,6079,18 to 49 years,495
10,6079,0 - 17 years,77
10,6079,50 to 64 years,106
11,6079,18 to 49 years,1578
11,6079,65+ years,211
11,6079,50 to 64 years,305
11,6079,0 - 17 years,199
12,6079,0 - 17 years,376
12,6079,18 to 49 years,3020
12,6079,50 to 64 years,1259
12,6079,65+ years,796
12,6079,Unknown,14
2,6081,18 to 49 years,16
2,6081,Unknown,14
3,6081,18 to 49 years,351
3,6081,50 to 64 years,179
3,6081,65+ years,165
3,6081,0 - 17 years,16
4,6081,50 to 64 years,167
4,6081,65+ years,140
4,6081,18 to 49 years,359
4,6081,0 - 17 years,35
4,6081,Unknown,18
5,6081,18 to 49 years,522
5,6081,0 - 17 years,121
5,6081,50 to 64 years,154
5,6081,65+ years,149
5,6081,Unknown,11
6,6081,18 to 49 years,822
6,6081,50 to 64 years,215
6,6081,65+ years,77
6,6081,0 - 17 years,193
6,6081,Unknown,20
7,6081,18 to 49 years,1792
7,6081,50 to 64 years,494
7,6081,65+ years,222
7,6081,0 - 17 years,319
7,6081,Unknown,19
8,6081,18 to 49 years,1345
8,6081,0 - 17 years,315
8,6081,50 to 64 years,376
8,6081,65+ years,169
9,6081,18 to 49 years,972
9,6081,0 - 17 years,217
9,6081,65+ years,161
9,6081,50 to 64 years,253
9,6081,Unknown,20
10,6081,18 to 49 years,750
10,6081,50 to 64 years,233
10,6081,65+ years,125
10,6081,Unknown,14
10,6081,0 - 17 years,181
11,6081,0 - 17 years,577
11,6081,50 to 64 years,688
11,6081,18 to 49 years,2189
11,6081,65+ years,358
12,6081,65+ years,1449
12,6081,50 to 64 years,2233
12,6081,0 - 17 years,1609
12,6081,18 to 49 years,6243
12,6081,Missing,19
3,6083,18 to 49 years,112
3,6083,50 to 64 years,88
3,6083,65+ years,54
4,6083,50 to 64 years,77
4,6083,65+ years,35
4,6083,18 to 49 years,230
4,6083,Unknown,24
4,6083,0 - 17 years,12
5,6083,18 to 49 years,911
5,6083,50 to 64 years,312
5,6083,65+ years,137
5,6083,0 - 17 years,34
6,6083,18 to 49 years,1402
6,6083,50 to 64 years,319
6,6083,65+ years,188
6,6083,0 - 17 years,210
7,6083,18 to 49 years,1984
7,6083,50 to 64 years,460
7,6083,0 - 17 years,271
7,6083,65+ years,257
7,6083,Unknown,15
8,6083,18 to 49 years,1007
8,6083,50 to 64 years,250
8,6083,65+ years,102
8,6083,0 - 17 years,153
9,6083,50 to 64 years,127
9,6083,18 to 49 years,621
9,6083,0 - 17 years,91
9,6083,65+ years,79
10,6083,18 to 49 years,535
10,6083,0 - 17 years,57
10,6083,50 to 64 years,116
10,6083,65+ years,89
11,6083,65+ years,176
11,6083,0 - 17 years,210
11,6083,50 to 64 years,369
11,6083,18 to 49 years,1336
12,6083,50 to 64 years,1366
12,6083,18 to 49 years,4253
12,6083,65+ years,842
12,6083,0 - 17 years,608
12,6083,Unknown,19
1,6085,Unknown,14
2,6085,50 to 64 years,11
2,6085,65+ years,28
2,6085,18 to 49 years,19
2,6085,Unknown,18
3,6085,18 to 49 years,682
3,6085,65+ years,268
3,6085,50 to 64 years,356
3,6085,0 - 17 years,24
3,6085,Unknown,11
4,6085,18 to 49 years,449
4,6085,50 to 64 years,256
4,6085,65+ years,337
4,6085,0 - 17 years,31
5,6085,18 to 49 years,401
5,6085,50 to 64 years,151
5,6085,65+ years,112
5,6085,0 - 17 years,81
6,6085,0 - 17 years,300
6,6085,18 to 49 years,1581
6,6085,65+ years,246
6,6085,50 to 64 years,396
7,6085,0 - 17 years,1035
7,6085,50 to 64 years,1164
7,6085,65+ years,507
7,6085,Unknown,19
7,6085,18 to 49 years,4339
8,6085,65+ years,511
8,6085,50 to 64 years,922
8,6085,0 - 17 years,957
8,6085,18 to 49 years,3485
8,6085,Unknown,20
9,6085,18 to 49 years,2068
9,6085,50 to 64 years,647
9,6085,65+ years,342
9,6085,0 - 17 years,590
9,6085,Unknown,12
10,6085,18 to 49 years,2213
10,6085,50 to 64 years,655
10,6085,0 - 17 years,571
10,6085,65+ years,407
11,6085,50 to 64 years,2579
11,6085,18 to 49 years,7776
11,6085,65+ years,1455
11,6085,0 - 17 years,1824
11,6085,Unknown,21
12,6085,50 to 64 years,7018
12,6085,0 - 17 years,5484
12,6085,65+ years,4318
12,6085,Missing,16
12,6085,18 to 49 years,20150
3,6087,18 to 49 years,36
3,6087,65+ years,15
3,6087,50 to 64 years,13
4,6087,50 to 64 years,11
4,6087,18 to 49 years,26
4,6087,Unknown,21
5,6087,18 to 49 years,39
5,6087,Unknown,23
5,6087,50 to 64 years,16
5,6087,0 - 17 years,11
6,6087,50 to 64 years,53
6,6087,18 to 49 years,166
6,6087,0 - 17 years,11
6,6087,65+ years,14
7,6087,50 to 64 years,148
7,6087,18 to 49 years,520
7,6087,0 - 17 years,104
7,6087,65+ years,67
8,6087,18 to 49 years,339
8,6087,50 to 64 years,103
8,6087,0 - 17 years,104
8,6087,65+ years,58
9,6087,18 to 49 years,311
9,6087,0 - 17 years,75
9,6087,65+ years,81
9,6087,50 to 64 years,110
10,6087,50 to 64 years,99
10,6087,0 - 17 years,82
10,6087,18 to 49 years,301
10,6087,65+ years,47
11,6087,18 to 49 years,1195
11,6087,0 - 17 years,345
11,6087,50 to 64 years,344
11,6087,65+ years,296
12,6087,50 to 64 years,887
12,6087,65+ years,564
12,6087,18 to 49 years,2837
12,6087,0 - 17 years,721
12,6087,Unknown,27
3,6089,Unknown,21
4,6089,Unknown,16
5,6089,Unknown,20
6,6089,18 to 49 years,85
6,6089,65+ years,28
6,6089,50 to 64 years,29
6,6089,0 - 17 years,17
7,6089,65+ years,40
7,6089,0 - 17 years,11
7,6089,50 to 64 years,55
7,6089,18 to 49 years,159
7,6089,Unknown,11
8,6089,65+ years,23
8,6089,18 to 49 years,72
8,6089,0 - 17 years,14
8,6089,50 to 64 years,25
9,6089,65+ years,84
9,6089,18 to 49 years,492
9,6089,50 to 64 years,71
9,6089,0 - 17 years,47
10,6089,50 to 64 years,254
10,6089,0 - 17 years,113
10,6089,18 to 49 years,789
10,6089,65+ years,139
11,6089,0 - 17 years,289
11,6089,18 to 49 years,1884
11,6089,65+ years,490
11,6089,50 to 64 years,715
12,6089,65+ years,566
12,6089,18 to 49 years,1314
12,6089,0 - 17 years,247
12,6089,50 to 64 years,541
12,6089,Unknown,19
6,6093,Unknown,12
6,6093,18 to 49 years,11
7,6093,18 to 49 years,40
7,6093,Unknown,22
8,6093,18 to 49 years,14
8,6093,Unknown,28
9,6093,18 to 49 years,16
10,6093,18 to 49 years,45
10,6093,65+ years,15
10,6093,50 to 64 years,13
11,6093,65+ years,106
11,6093,18 to 49 years,201
11,6093,0 - 17 years,50
11,6093,50 to 64 years,82
11,6093,Unknown,15
12,6093,18 to 49 years,135
12,6093,50 to 64 years,83
12,6093,0 - 17 years,27
12,6093,65+ years,49
12,6093,Unknown,20
1,6095,Unknown,11
2,6095,Unknown,18
3,6095,50 to 64 years,36
3,6095,18 to 49 years,41
3,6095,65+ years,16
4,6095,18 to 49 years,96
4,6095,50 to 64 years,58
4,6095,65+ years,46
4,6095,Unknown,20
5,6095,18 to 49 years,145
5,6095,50 to 64 years,62
5,6095,65+ years,50
5,6095,0 - 17 years,21
5,6095,Unknown,20
6,6095,18 to 49 years,870
6,6095,65+ years,76
6,6095,0 - 17 years,150
6,6095,50 to 64 years,210
7,6095,0 - 17 years,256
7,6095,18 to 49 years,1512
7,6095,50 to 64 years,445
7,6095,65+ years,194
8,6095,50 to 64 years,266
8,6095,65+ years,109
8,6095,18 to 49 years,765
8,6095,0 - 17 years,178
9,6095,65+ years,128
9,6095,50 to 64 years,173
9,6095,18 to 49 years,462
9,6095,0 - 17 years,109
10,6095,18 to 49 years,766
10,6095,50 to 64 years,285
10,6095,0 - 17 years,176
10,6095,65+ years,154
10,6095,Unknown,19
11,6095,50 to 64 years,676
11,6095,0 - 17 years,400
11,6095,18 to 49 years,2088
11,6095,65+ years,365
11,6095,Unknown,16
12,6095,18 to 49 years,5190
12,6095,0 - 17 years,1048
12,6095,65+ years,1174
12,6095,50 to 64 years,2130
3,6097,50 to 64 years,40
3,6097,65+ years,30
3,6097,18 to 49 years,67
4,6097,18 to 49 years,80
4,6097,Unknown,11
4,6097,0 - 17 years,26
4,6097,50 to 64 years,12
4,6097,65+ years,11
5,6097,0 - 17 years,59
5,6097,50 to 64 years,45
5,6097,18 to 49 years,222
5,6097,65+ years,11
5,6097,Unknown,15
6,6097,50 to 64 years,135
6,6097,0 - 17 years,135
6,6097,18 to 49 years,550
6,6097,65+ years,85
7,6097,0 - 17 years,322
7,6097,50 to 64 years,314
7,6097,65+ years,288
7,6097,18 to 49 years,1314
7,6097,Unknown,11
8,6097,0 - 17 years,368
8,6097,65+ years,312
8,6097,50 to 64 years,379
8,6097,18 to 49 years,1300
8,6097,Unknown,11
9,6097,0 - 17 years,342
9,6097,18 to 49 years,1044
9,6097,65+ years,142
9,6097,50 to 64 years,288
10,6097,65+ years,226
10,6097,50 to 64 years,369
10,6097,0 - 17 years,343
10,6097,18 to 49 years,1201
11,6097,0 - 17 years,494
11,6097,18 to 49 years,1874
11,6097,65+ years,247
11,6097,50 to 64 years,585
12,6097,65+ years,679
12,6097,0 - 17 years,1152
12,6097,18 to 49 years,4054
12,6097,50 to 64 years,1266
12,6097,Unknown,15
1,6099,18 to 49 years,11
3,6099,50 to 64 years,27
3,6099,18 to 49 years,52
3,6099,65+ years,16
4,6099,50 to 64 years,86
4,6099,65+ years,98
4,6099,18 to 49 years,168
4,6099,0 - 17 years,13
5,6099,18 to 49 years,271
5,6099,0 - 17 years,44
5,6099,65+ years,57
5,6099,50 to 64 years,69
6,6099,0 - 17 years,365
6,6099,18 to 49 years,2135
6,6099,65+ years,263
6,6099,50 to 64 years,580
7,6099,18 to 49 years,4676
7,6099,65+ years,751
7,6099,50 to 64 years,1385
7,6099,0 - 17 years,768
7,6099,Unknown,14
8,6099,65+ years,530
8,6099,18 to 49 years,1968
8,6099,0 - 17 years,347
8,6099,50 to 64 years,752
9,6099,0 - 17 years,158
9,6099,18 to 49 years,733
9,6099,65+ years,166
9,6099,50 to 64 years,246
10,6099,18 to 49 years,810
10,6099,50 to 64 years,280
10,6099,0 - 17 years,172
10,6099,65+ years,149
11,6099,50 to 64 years,1088
11,6099,65+ years,749
11,6099,0 - 17 years,558
11,6099,18 to 49 years,3106
11,6099,Unknown,11
12,6099,50 to 64 years,2620
12,6099,65+ years,1626
12,6099,18 to 49 years,7505
12,6099,0 - 17 years,1438
3,6101,Unknown,21
5,6101,Unknown,17
6,6101,50 to 64 years,35
6,6101,65+ years,12
6,6101,18 to 49 years,111
6,6101,0 - 17 years,23
6,6101,Unknown,15
7,6101,18 to 49 years,366
7,6101,0 - 17 years,102
7,6101,50 to 64 years,117
7,6101,65+ years,58
8,6101,18 to 49 years,328
8,6101,0 - 17 years,96
8,6101,50 to 64 years,80
8,6101,65+ years,43
9,6101,0 - 17 years,45
9,6101,50 to 64 years,55
9,6101,65+ years,35
9,6101,18 to 49 years,135
10,6101,18 to 49 years,124
10,6101,0 - 17 years,35
10,6101,50 to 64 years,41
10,6101,65+ years,30
11,6101,18 to 49 years,1079
11,6101,50 to 64 years,410
11,6101,0 - 17 years,202
11,6101,65+ years,338
12,6101,18 to 49 years,1438
12,6101,50 to 64 years,588
12,6101,65+ years,420
12,6101,0 - 17 years,343
12,6101,Unknown,16
6,6103,0 - 17 years,25
6,6103,18 to 49 years,46
6,6103,50 to 64 years,20
7,6103,18 to 49 years,92
7,6103,50 to 64 years,25
7,6103,Unknown,24
7,6103,0 - 17 years,36
8,6103,18 to 49 years,88
8,6103,0 - 17 years,38
8,6103,50 to 64 years,15
8,6103,65+ years,18
9,6103,50 to 64 years,47
9,6103,0 - 17 years,33
9,6103,18 to 49 years,83
9,6103,65+ years,43
10,6103,50 to 64 years,78
10,6103,18 to 49 years,163
10,6103,65+ years,80
10,6103,0 - 17 years,47
11,6103,18 to 49 years,477
11,6103,0 - 17 years,130
11,6103,50 to 64 years,166
11,6103,65+ years,106
11,6103,Unknown,13
12,6103,18 to 49 years,711
12,6103,50 to 64 years,271
12,6103,0 - 17 years,176
12,6103,65+ years,185
12,6103,Unknown,19
3,6107,18 to 49 years,56
3,6107,65+ years,24
3,6107,50 to 64 years,25
3,6107,Unknown,13
4,6107,50 to 64 years,197
4,6107,18 to 49 years,386
4,6107,65+ years,304
4,6107,0 - 17 years,38
5,6107,50 to 64 years,278
5,6107,0 - 17 years,161
5,6107,18 to 49 years,829
5,6107,65+ years,171
6,6107,18 to 49 years,1831
6,6107,65+ years,293
6,6107,0 - 17 years,421
6,6107,50 to 64 years,471
6,6107,Unknown,12
7,6107,18 to 49 years,3475
7,6107,50 to 64 years,950
7,6107,65+ years,440
7,6107,0 - 17 years,811
8,6107,50 to 64 years,575
8,6107,18 to 49 years,2065
8,6107,65+ years,281
8,6107,0 - 17 years,557
9,6107,50 to 64 years,273
9,6107,0 - 17 years,319
9,6107,18 to 49 years,1054
9,6107,65+ years,139
10,6107,0 - 17 years,260
10,6107,50 to 64 years,304
10,6107,18 to 49 years,959
10,6107,65+ years,155
11,6107,0 - 17 years,631
11,6107,65+ years,491
11,6107,18 to 49 years,2696
11,6107,50 to 64 years,781
11,6107,Unknown,15
12,6107,65+ years,1409
12,6107,0 - 17 years,1827
12,6107,18 to 49 years,7454
12,6107,50 to 64 years,2325
12,6107,Unknown,20
6,6109,18 to 49 years,25
6,6109,Unknown,20
7,6109,18 to 49 years,47
7,6109,Unknown,28
7,6109,50 to 64 years,16
7,6109,65+ years,14
8,6109,18 to 49 years,25
8,6109,Unknown,16
8,6109,65+ years,15
9,6109,Unknown,22
10,6109,18 to 49 years,38
10,6109,50 to 64 years,19
10,6109,65+ years,20
11,6109,18 to 49 years,428
11,6109,Unknown,20
11,6109,0 - 17 years,89
11,6109,65+ years,187
11,6109,50 to 64 years,187
12,6109,65+ years,183
12,6109,0 - 17 years,81
12,6109,18 to 49 years,1142
12,6109,50 to 64 years,373
12,6109,Unknown,20
3,6111,18 to 49 years,118
3,6111,65+ years,70
3,6111,50 to 64 years,104
4,6111,50 to 64 years,105
4,6111,18 to 49 years,209
4,6111,65+ years,62
4,6111,0 - 17 years,14
5,6111,18 to 49 years,460
5,6111,50 to 64 years,191
5,6111,65+ years,87
5,6111,0 - 17 years,71
5,6111,Unknown,11
6,6111,0 - 17 years,322
6,6111,18 to 49 years,1835
6,6111,65+ years,236
6,6111,50 to 64 years,479
7,6111,18 to 49 years,2626
7,6111,0 - 17 years,598
7,6111,65+ years,346
7,6111,50 to 64 years,774
7,6111,Unknown,18
8,6111,18 to 49 years,1476
8,6111,0 - 17 years,360
8,6111,50 to 64 years,495
8,6111,65+ years,278
9,6111,18 to 49 years,1197
9,6111,65+ years,230
9,6111,0 - 17 years,277
9,6111,50 to 64 years,334
10,6111,18 to 49 years,1001
10,6111,0 - 17 years,243
10,6111,65+ years,175
10,6111,50 to 64 years,357
11,6111,50 to 64 years,1328
11,6111,18 to 49 years,4017
11,6111,65+ years,572
11,6111,Unknown,15
11,6111,0 - 17 years,1185
12,6111,18 to 49 years,12988
12,6111,65+ years,2318
12,6111,50 to 64 years,4233
12,6111,0 - 17 years,3524
12,6111,Missing,12
12,6111,Unknown,13
3,6113,18 to 49 years,13
3,6113,50 to 64 years,16
3,6113,Unknown,16
3,6113,65+ years,11
4,6113,65+ years,49
4,6113,18 to 49 years,47
4,6113,50 to 64 years,23
5,6113,Unknown,19
5,6113,18 to 49 years,34
6,6113,65+ years,38
6,6113,0 - 17 years,52
6,6113,50 to 64 years,100
6,6113,18 to 49 years,319
7,6113,18 to 49 years,719
7,6113,50 to 64 years,210
7,6113,65+ years,110
7,6113,0 - 17 years,90
8,6113,18 to 49 years,393
8,6113,65+ years,50
8,6113,0 - 17 years,104
8,6113,50 to 64 years,128
8,6113,Unknown,12
9,6113,18 to 49 years,188
9,6113,50 to 64 years,66
9,6113,0 - 17 years,38
9,6113,65+ years,22
9,6113,Unknown,17
10,6113,18 to 49 years,272
10,6113,65+ years,90
10,6113,0 - 17 years,53
10,6113,50 to 64 years,89
10,6113,Unknown,11
11,6113,18 to 49 years,1162
11,6113,50 to 64 years,357
11,6113,0 - 17 years,219
11,6113,65+ years,291
11,6113,Unknown,24
12,6113,0 - 17 years,466
12,6113,50 to 64 years,655
12,6113,18 to 49 years,2197
12,6113,65+ years,364
12,6113,Unknown,26
5,6115,Unknown,11
6,6115,18 to 49 years,39
6,6115,0 - 17 years,14
6,6115,Unknown,22
7,6115,50 to 64 years,76
7,6115,18 to 49 years,241
7,6115,0 - 17 years,43
7,6115,65+ years,29
7,6115,Unknown,21
8,6115,18 to 49 years,249
8,6115,65+ years,39
8,6115,0 - 17 years,50
8,6115,50 to 64 years,59
9,6115,18 to 49 years,103
9,6115,0 - 17 years,14
9,6115,65+ years,28
9,6115,50 to 64 years,35
9,6115,Unknown,14
10,6115,18 to 49 years,123
10,6115,0 - 17 years,20
10,6115,50 to 64 years,34
10,6115,Unknown,14
10,6115,65+ years,23
11,6115,50 to 64 years,182
11,6115,0 - 17 years,120
11,6115,18 to 49 years,549
11,6115,65+ years,115
12,6115,0 - 17 years,233
12,6115,65+ years,185
12,6115,18 to 49 years,1090
12,6115,50 to 64 years,266
3,41003,Unknown,11
3,41003,65+ years,11
4,41003,Unknown,20
5,41003,Unknown,18
6,41003,Unknown,17
6,41003,18 to 49 years,27
7,41003,Unknown,13
7,41003,50 to 64 years,12
7,41003,18 to 49 years,32
8,41003,50 to 64 years,12
8,41003,Unknown,15
8,41003,18 to 49 years,37
9,41003,0 - 17 years,15
9,41003,18 to 49 years,95
9,41003,Unknown,14
9,41003,50 to 64 years,12
10,41003,18 to 49 years,91
10,41003,0 - 17 years,16
10,41003,50 to 64 years,17
10,41003,Unknown,13
11,41003,0 - 17 years,31
11,41003,18 to 49 years,310
11,41003,50 to 64 years,49
11,41003,65+ years,40
12,41003,0 - 17 years,65
12,41003,18 to 49 years,309
12,41003,65+ years,70
12,41003,50 to 64 years,82
3,41005,Unknown,11
3,41005,18 to 49 years,36
3,41005,50 to 64 years,39
3,41005,65+ years,25
4,41005,18 to 49 years,56
4,41005,65+ years,28
4,41005,50 to 64 years,22
4,41005,Unknown,17
5,41005,18 to 49 years,53
5,41005,50 to 64 years,26
5,41005,65+ years,12
5,41005,Unknown,21
6,41005,0 - 17 years,48
6,41005,18 to 49 years,277
6,41005,50 to 64 years,66
6,41005,65+ years,104
6,41005,Unknown,20
7,41005,50 to 64 years,120
7,41005,65+ years,84
7,41005,0 - 17 years,59
7,41005,18 to 49 years,359
8,41005,18 to 49 years,334
8,41005,50 to 64 years,117
8,41005,65+ years,56
8,41005,0 - 17 years,55
8,41005,Unknown,14
9,41005,18 to 49 years,344
9,41005,50 to 64 years,97
9,41005,0 - 17 years,56
9,41005,65+ years,63
10,41005,50 to 64 years,218
10,41005,0 - 17 years,131
10,41005,18 to 49 years,668
10,41005,65+ years,113
10,41005,Unknown,16
11,41005,0 - 17 years,425
11,41005,50 to 64 years,681
11,41005,18 to 49 years,2058
11,41005,65+ years,423
11,41005,Unknown,20
12,41005,18 to 49 years,1772
12,41005,0 - 17 years,358
12,41005,65+ years,438
12,41005,50 to 64 years,627
12,41005,Unknown,17
6,41009,18 to 49 years,14
7,41009,18 to 49 years,28
7,41009,50 to 64 years,13
8,41009,0 - 17 years,12
8,41009,18 to 49 years,27
9,41009,Unknown,20
9,41009,18 to 49 years,38
9,41009,50 to 64 years,11
9,41009,65+ years,13
10,41009,18 to 49 years,37
10,41009,0 - 17 years,14
10,41009,50 to 64 years,11
10,41009,65+ years,11
11,41009,0 - 17 years,27
11,41009,65+ years,57
11,41009,18 to 49 years,155
11,41009,50 to 64 years,63
12,41009,18 to 49 years,151
12,41009,50 to 64 years,67
12,41009,0 - 17 years,27
12,41009,65+ years,70
4,41011,18 to 49 years,16
4,41011,Unknown,11
6,41011,Unknown,14
7,41011,18 to 49 years,25
7,41011,65+ years,11
8,41011,Unknown,20
8,41011,18 to 49 years,19
9,41011,18 to 49 years,12
9,41011,Unknown,14
9,41011,65+ years,12
9,41011,50 to 64 years,14
10,41011,50 to 64 years,24
10,41011,0 - 17 years,17
10,41011,18 to 49 years,50
10,41011,Unknown,16
11,41011,65+ years,39
11,41011,0 - 17 years,17
11,41011,18 to 49 years,117
11,41011,50 to 64 years,43
12,41011,18 to 49 years,159
12,41011,65+ years,75
12,41011,0 - 17 years,26
12,41011,50 to 64 years,61
7,41013,18 to 49 years,15
7,41013,65+ years,11
8,41013,Unknown,12
10,41013,65+ years,29
10,41013,18 to 49 years,19
10,41013,50 to 64 years,15
11,41013,18 to 49 years,77
11,41013,65+ years,24
11,41013,50 to 64 years,26
11,41013,Unknown,25
12,41013,50 to 64 years,34
12,41013,65+ years,43
12,41013,18 to 49 years,111
12,41013,Unknown,13
12,41013,0 - 17 years,15
3,41017,65+ years,16
3,41017,Unknown,11
3,41017,18 to 49 years,11
3,41017,50 to 64 years,15
4,41017,Unknown,21
4,41017,18 to 49 years,14
5,41017,18 to 49 years,25
5,41017,Unknown,20
6,41017,65+ years,11
6,41017,Unknown,23
6,41017,18 to 49 years,51
6,41017,50 to 64 years,11
7,41017,18 to 49 years,203
7,41017,0 - 17 years,26
7,41017,65+ years,70
7,41017,50 to 64 years,46
7,41017,Unknown,11
8,41017,18 to 49 years,65
8,41017,50 to 64 years,22
8,41017,0 - 17 years,11
8,41017,65+ years,16
9,41017,18 to 49 years,123
9,41017,50 to 64 years,46
9,41017,0 - 17 years,26
9,41017,Unknown,14
9,41017,65+ years,23
10,41017,50 to 64 years,65
10,41017,0 - 17 years,78
10,41017,65+ years,48
10,41017,18 to 49 years,252
11,41017,50 to 64 years,278
11,41017,0 - 17 years,139
11,41017,18 to 49 years,939
11,41017,65+ years,156
12,41017,18 to 49 years,797
12,41017,0 - 17 years,153
12,41017,50 to 64 years,244
12,41017,65+ years,193
12,41017,Unknown,12
3,41019,Unknown,21
6,41019,Unknown,11
6,41019,18 to 49 years,17
7,41019,Unknown,29
7,41019,18 to 49 years,41
7,41019,50 to 64 years,14
8,41019,Unknown,17
8,41019,65+ years,15
8,41019,18 to 49 years,12
9,41019,65+ years,14
9,41019,18 to 49 years,34
9,41019,Unknown,30
10,41019,18 to 49 years,82
10,41019,50 to 64 years,43
10,41019,0 - 17 years,11
10,41019,65+ years,25
11,41019,18 to 49 years,251
11,41019,65+ years,193
11,41019,50 to 64 years,141
11,41019,0 - 17 years,26
11,41019,Unknown,17
12,41019,0 - 17 years,28
12,41019,65+ years,118
12,41019,18 to 49 years,172
12,41019,50 to 64 years,101
5,41027,18 to 49 years,21
6,41027,18 to 49 years,27
6,41027,0 - 17 years,13
6,41027,50 to 64 years,14
7,41027,0 - 17 years,18
7,41027,18 to 49 years,53
7,41027,Unknown,11
8,41027,0 - 17 years,12
8,41027,18 to 49 years,41
9,41027,18 to 49 years,14
10,41027,Unknown,20
10,41027,18 to 49 years,19
11,41027,50 to 64 years,36
11,41027,18 to 49 years,98
11,41027,65+ years,30
11,41027,0 - 17 years,16
12,41027,50 to 64 years,82
12,41027,18 to 49 years,206
12,41027,65+ years,70
12,41027,0 - 17 years,39
3,41029,18 to 49 years,16
3,41029,50 to 64 years,11
3,41029,65+ years,14
5,41029,18 to 49 years,16
6,41029,18 to 49 years,44
6,41029,50 to 64 years,22
6,41029,0 - 17 years,13
6,41029,65+ years,14
7,41029,50 to 64 years,36
7,41029,65+ years,31
7,41029,0 - 17 years,39
7,41029,18 to 49 years,139
7,41029,Unknown,19
8,41029,0 - 17 years,77
8,41029,18 to 49 years,269
8,41029,50 to 64 years,72
8,41029,65+ years,35
9,41029,0 - 17 years,64
9,41029,18 to 49 years,208
9,41029,50 to 64 years,71
9,41029,Unknown,18
9,41029,65+ years,23
10,41029,65+ years,85
10,41029,0 - 17 years,118
10,41029,50 to 64 years,156
10,41029,18 to 49 years,475
11,41029,18 to 49 years,1209
11,41029,50 to 64 years,421
11,41029,0 - 17 years,204
11,41029,65+ years,412
11,41029,Unknown,18
12,41029,18 to 49 years,1038
12,41029,65+ years,322
12,41029,0 - 17 years,148
12,41029,50 to 64 years,374
12,41029,Unknown,14
4,41031,18 to 49 years,11
5,41031,18 to 49 years,16
5,41031,0 - 17 years,17
6,41031,18 to 49 years,46
6,41031,0 - 17 years,21
6,41031,Unknown,18
7,41031,0 - 17 years,43
7,41031,18 to 49 years,107
7,41031,50 to 64 years,23
7,41031,65+ years,13
8,41031,18 to 49 years,79
8,41031,0 - 17 years,26
8,41031,50 to 64 years,11
8,41031,65+ years,15
9,41031,0 - 17 years,18
9,41031,18 to 49 years,53
9,41031,50 to 64 years,18
10,41031,18 to 49 years,27
10,41031,Unknown,15
10,41031,0 - 17 years,13
11,41031,50 to 64 years,62
11,41031,65+ years,38
11,41031,18 to 49 years,165
11,41031,0 - 17 years,50
12,41031,18 to 49 years,283
12,41031,50 to 64 years,122
12,41031,0 - 17 years,139
12,41031,65+ years,49
3,41033,Unknown,18
6,41033,18 to 49 years,11
6,41033,65+ years,11
7,41033,18 to 49 years,30
7,41033,Unknown,25
8,41033,18 to 49 years,41
8,41033,Unknown,20
9,41033,18 to 49 years,11
9,41033,65+ years,12
9,41033,Unknown,27
10,41033,18 to 49 years,30
10,41033,65+ years,13
10,41033,50 to 64 years,15
11,41033,18 to 49 years,181
11,41033,65+ years,70
11,41033,50 to 64 years,94
11,41033,0 - 17 years,27
12,41033,0 - 17 years,60
12,41033,18 to 49 years,307
12,41033,65+ years,243
12,41033,50 to 64 years,173
12,41033,Unknown,11
3,41035,18 to 49 years,16
4,41035,Unknown,15
6,41035,18 to 49 years,33
6,41035,50 to 64 years,12
6,41035,0 - 17 years,12
6,41035,Unknown,32
7,41035,18 to 49 years,37
7,41035,65+ years,12
7,41035,50 to 64 years,11
8,41035,Unknown,24
8,41035,18 to 49 years,13
9,41035,18 to 49 years,90
9,41035,0 - 17 years,15
9,41035,50 to 64 years,11
9,41035,65+ years,11
10,41035,50 to 64 years,25
10,41035,65+ years,20
10,41035,18 to 49 years,46
11,41035,18 to 49 years,421
11,41035,65+ years,85
11,41035,50 to 64 years,120
11,41035,0 - 17 years,52
12,41035,18 to 49 years,465
12,41035,0 - 17 years,73
12,41035,50 to 64 years,181
12,41035,65+ years,236
3,41039,65+ years,11
3,41039,18 to 49 years,16
3,41039,50 to 64 years,13
4,41039,Unknown,22
5,41039,18 to 49 years,14
6,41039,50 to 64 years,18
6,41039,0 - 17 years,15
6,41039,65+ years,13
6,41039,18 to 49 years,113
7,41039,0 - 17 years,49
7,41039,18 to 49 years,207
7,41039,65+ years,43
7,41039,50 to 64 years,28
8,41039,18 to 49 years,121
8,41039,50 to 64 years,26
8,41039,0 - 17 years,19
8,41039,65+ years,34
8,41039,Unknown,12
9,41039,65+ years,65
9,41039,18 to 49 years,542
9,41039,50 to 64 years,84
9,41039,0 - 17 years,77
10,41039,18 to 49 years,814
10,41039,65+ years,95
10,41039,0 - 17 years,90
10,41039,50 to 64 years,167
11,41039,18 to 49 years,1224
11,41039,50 to 64 years,332
11,41039,65+ years,360
11,41039,0 - 17 years,226
12,41039,18 to 49 years,1370
12,41039,50 to 64 years,453
12,41039,0 - 17 years,261
12,41039,65+ years,344
12,41039,Unknown,29
5,41041,18 to 49 years,28
5,41041,Unknown,11
6,41041,50 to 64 years,41
6,41041,18 to 49 years,218
6,41041,65+ years,23
6,41041,0 - 17 years,22
7,41041,65+ years,13
7,41041,18 to 49 years,26
7,41041,Unknown,24
8,41041,18 to 49 years,33
8,41041,50 to 64 years,12
9,41041,18 to 49 years,13
10,41041,Unknown,25
10,41041,18 to 49 years,17
11,41041,65+ years,24
11,41041,50 to 64 years,43
11,41041,18 to 49 years,82
11,41041,0 - 17 years,19
12,41041,18 to 49 years,98
12,41041,50 to 64 years,42
12,41041,65+ years,50
12,41041,0 - 17 years,26
3,41043,18 to 49 years,18
3,41043,65+ years,23
3,41043,Unknown,15
4,41043,18 to 49 years,12
4,41043,50 to 64 years,17
4,41043,Unknown,18
5,41043,Unknown,23
6,41043,18 to 49 years,17
6,41043,65+ years,14
6,41043,50 to 64 years,15
7,41043,18 to 49 years,66
7,41043,Unknown,28
7,41043,50 to 64 years,13
8,41043,50 to 64 years,24
8,41043,0 - 17 years,16
8,41043,65+ years,15
8,41043,18 to 49 years,68
9,41043,50 to 64 years,37
9,41043,65+ years,18
9,41043,18 to 49 years,131
9,41043,0 - 17 years,17
10,41043,18 to 49 years,179
10,41043,50 to 64 years,77
10,41043,65+ years,64
10,41043,0 - 17 years,29
11,41043,0 - 17 years,86
11,41043,50 to 64 years,173
11,41043,65+ years,119
11,41043,18 to 49 years,452
12,41043,0 - 17 years,90
12,41043,18 to 49 years,523
12,41043,65+ years,154
12,41043,Unknown,17
12,41043,50 to 64 years,176
4,41045,Unknown,11
5,41045,Unknown,20
6,41045,50 to 64 years,42
6,41045,18 to 49 years,120
6,41045,65+ years,21
6,41045,0 - 17 years,19
7,41045,65+ years,71
7,41045,50 to 64 years,104
7,41045,18 to 49 years,344
7,41045,0 - 17 years,32
8,41045,50 to 64 years,110
8,41045,18 to 49 years,282
8,41045,65+ years,62
8,41045,0 - 17 years,43
9,41045,18 to 49 years,258
9,41045,0 - 17 years,45
9,41045,50 to 64 years,66
9,41045,65+ years,61
10,41045,50 to 64 years,68
10,41045,0 - 17 years,34
10,41045,18 to 49 years,179
10,41045,65+ years,51
11,41045,18 to 49 years,260
11,41045,50 to 64 years,88
11,41045,0 - 17 years,50
11,41045,65+ years,98
12,41045,50 to 64 years,94
12,41045,0 - 17 years,63
12,41045,18 to 49 years,250
12,41045,65+ years,60
3,41047,50 to 64 years,63
3,41047,18 to 49 years,109
3,41047,65+ years,63
4,41047,18 to 49 years,195
4,41047,50 to 64 years,85
4,41047,0 - 17 years,11
4,41047,65+ years,65
5,41047,50 to 64 years,100
5,41047,Unknown,20
5,41047,18 to 49 years,269
5,41047,0 - 17 years,11
5,41047,65+ years,38
6,41047,50 to 64 years,99
6,41047,18 to 49 years,410
6,41047,0 - 17 years,50
6,41047,65+ years,105
7,41047,0 - 17 years,116
7,41047,18 to 49 years,751
7,41047,50 to 64 years,173
7,41047,65+ years,91
8,41047,0 - 17 years,142
8,41047,18 to 49 years,731
8,41047,50 to 64 years,188
8,41047,65+ years,116
9,41047,18 to 49 years,580
9,41047,0 - 17 years,103
9,41047,50 to 64 years,176
9,41047,65+ years,106
10,41047,18 to 49 years,963
10,41047,65+ years,150
10,41047,50 to 64 years,286
10,41047,0 - 17 years,206
11,41047,18 to 49 years,2184
11,41047,0 - 17 years,385
11,41047,65+ years,434
11,41047,50 to 64 years,660
11,41047,Unknown,14
12,41047,18 to 49 years,2663
12,41047,0 - 17 years,469
12,41047,50 to 64 years,831
12,41047,65+ years,520
12,41047,Unknown,12
3,41051,18 to 49 years,146
3,41051,50 to 64 years,112
3,41051,65+ years,58
3,41051,Unknown,12
4,41051,50 to 64 years,125
4,41051,18 to 49 years,232
4,41051,0 - 17 years,13
4,41051,65+ years,143
5,41051,18 to 49 years,316
5,41051,0 - 17 years,36
5,41051,65+ years,29
5,41051,50 to 64 years,75
6,41051,18 to 49 years,831
6,41051,50 to 64 years,184
6,41051,0 - 17 years,186
6,41051,65+ years,95
7,41051,18 to 49 years,1418
7,41051,50 to 64 years,307
7,41051,0 - 17 years,305
7,41051,Unknown,19
7,41051,65+ years,179
8,41051,50 to 64 years,255
8,41051,18 to 49 years,915
8,41051,65+ years,198
8,41051,0 - 17 years,182
8,41051,Unknown,12
9,41051,0 - 17 years,157
9,41051,50 to 64 years,252
9,41051,65+ years,205
9,41051,18 to 49 years,830
10,41051,65+ years,300
10,41051,50 to 64 years,469
10,41051,18 to 49 years,2062
10,41051,0 - 17 years,373
11,41051,0 - 17 years,1038
11,41051,18 to 49 years,5326
11,41051,50 to 64 years,1477
11,41051,65+ years,1108
11,41051,Unknown,12
12,41051,18 to 49 years,4035
12,41051,0 - 17 years,708
12,41051,65+ years,833
12,41051,50 to 64 years,1222
12,41051,Unknown,15
3,41053,18 to 49 years,17
3,41053,Unknown,14
4,41053,65+ years,13
4,41053,18 to 49 years,15
5,41053,65+ years,17
5,41053,18 to 49 years,12
6,41053,18 to 49 years,30
6,41053,50 to 64 years,15
6,41053,0 - 17 years,12
7,41053,18 to 49 years,72
7,41053,0 - 17 years,23
7,41053,50 to 64 years,20
7,41053,65+ years,12
8,41053,18 to 49 years,73
8,41053,65+ years,15
8,41053,50 to 64 years,24
8,41053,0 - 17 years,15
8,41053,Unknown,20
9,41053,18 to 49 years,75
9,41053,50 to 64 years,16
9,41053,0 - 17 years,14
10,41053,18 to 49 years,118
10,41053,65+ years,25
10,41053,50 to 64 years,28
10,41053,0 - 17 years,12
11,41053,50 to 64 years,111
11,41053,65+ years,77
11,41053,18 to 49 years,410
11,41053,0 - 17 years,75
12,41053,18 to 49 years,371
12,41053,65+ years,99
12,41053,50 to 64 years,114
12,41053,0 - 17 years,87
12,41053,Unknown,28
3,41059,Unknown,12
4,41059,50 to 64 years,29
4,41059,18 to 49 years,28
5,41059,65+ years,12
5,41059,50 to 64 years,12
5,41059,18 to 49 years,33
6,41059,18 to 49 years,504
6,41059,50 to 64 years,142
6,41059,65+ years,57
6,41059,0 - 17 years,65
7,41059,0 - 17 years,152
7,41059,18 to 49 years,779
7,41059,50 to 64 years,239
7,41059,65+ years,131
7,41059,Unknown,12
8,41059,50 to 64 years,99
8,41059,18 to 49 years,337
8,41059,65+ years,46
8,41059,0 - 17 years,74
9,41059,50 to 64 years,56
9,41059,18 to 49 years,218
9,41059,0 - 17 years,12
9,41059,65+ years,26
9,41059,Unknown,33
10,41059,50 to 64 years,83
10,41059,65+ years,57
10,41059,0 - 17 years,40
10,41059,18 to 49 years,279
11,41059,0 - 17 years,142
11,41059,65+ years,132
11,41059,18 to 49 years,664
11,41059,50 to 64 years,209
12,41059,18 to 49 years,816
12,41059,50 to 64 years,275
12,41059,65+ years,156
12,41059,0 - 17 years,116
12,41059,Unknown,18
6,41061,0 - 17 years,91
6,41061,65+ years,23
6,41061,18 to 49 years,203
6,41061,50 to 64 years,30
7,41061,18 to 49 years,19
7,41061,Unknown,11
8,41061,18 to 49 years,11
8,41061,Unknown,20
9,41061,18 to 49 years,18
10,41061,18 to 49 years,45
10,41061,50 to 64 years,12
10,41061,Unknown,19
11,41061,65+ years,70
11,41061,18 to 49 years,180
11,41061,0 - 17 years,41
11,41061,50 to 64 years,45
12,41061,0 - 17 years,18
12,41061,50 to 64 years,18
12,41061,18 to 49 years,84
12,41061,65+ years,23
5,41065,Unknown,16
6,41065,18 to 49 years,33
6,41065,50 to 64 years,12
6,41065,Unknown,16
7,41065,50 to 64 years,18
7,41065,Unknown,13
7,41065,18 to 49 years,55
8,41065,18 to 49 years,25
8,41065,Unknown,15
9,41065,Unknown,24
9,41065,65+ years,26
9,41065,18 to 49 years,40
10,41065,50 to 64 years,11
10,41065,0 - 17 years,13
10,41065,18 to 49 years,33
11,41065,18 to 49 years,144
11,41065,65+ years,11
11,41065,0 - 17 years,30
11,41065,50 to 64 years,42
12,41065,18 to 49 years,191
12,41065,0 - 17 years,53
12,41065,50 to 64 years,61
12,41065,65+ years,39
2,41067,"",14
3,41067,18 to 49 years,154
3,41067,65+ years,52
3,41067,50 to 64 years,94
3,41067,Unknown,16
3,41067,0 - 17 years,11
4,41067,50 to 64 years,56
4,41067,18 to 49 years,140
4,41067,Unknown,14
4,41067,65+ years,24
5,41067,18 to 49 years,141
5,41067,50 to 64 years,29
5,41067,65+ years,14
5,41067,Unknown,16
5,41067,0 - 17 years,17
6,41067,65+ years,38
6,41067,50 to 64 years,124
6,41067,0 - 17 years,125
6,41067,18 to 49 years,575
7,41067,50 to 64 years,177
7,41067,0 - 17 years,209
7,41067,18 to 49 years,843
7,41067,Unknown,17
7,41067,65+ years,80
8,41067,65+ years,101
8,41067,50 to 64 years,160
8,41067,18 to 49 years,591
8,41067,0 - 17 years,123
9,41067,0 - 17 years,122
9,41067,18 to 49 years,532
9,41067,65+ years,99
9,41067,50 to 64 years,148
10,41067,0 - 17 years,270
10,41067,50 to 64 years,311
10,41067,65+ years,166
10,41067,18 to 49 years,1118
11,41067,0 - 17 years,726
11,41067,50 to 64 years,872
11,41067,18 to 49 years,3308
11,41067,65+ years,415
11,41067,Unknown,11
12,41067,18 to 49 years,2972
12,41067,0 - 17 years,705
12,41067,65+ years,479
12,41067,50 to 64 years,781
3,41071,Unknown,12
3,41071,65+ years,13
4,41071,Unknown,19
5,41071,18 to 49 years,24
5,41071,Unknown,14
6,41071,0 - 17 years,11
6,41071,Unknown,17
6,41071,18 to 49 years,32
7,41071,18 to 49 years,172
7,41071,50 to 64 years,47
7,41071,0 - 17 years,30
7,41071,65+ years,32
8,41071,18 to 49 years,141
8,41071,50 to 64 years,29
8,41071,0 - 17 years,29
8,41071,Unknown,39
8,41071,65+ years,14
9,41071,50 to 64 years,27
9,41071,18 to 49 years,93
9,41071,Unknown,14
9,41071,0 - 17 years,15
10,41071,0 - 17 years,45
10,41071,18 to 49 years,159
10,41071,50 to 64 years,58
10,41071,65+ years,18
11,41071,65+ years,88
11,41071,18 to 49 years,514
11,41071,50 to 64 years,141
11,41071,0 - 17 years,87
11,41071,Unknown,22
12,41071,50 to 64 years,166
12,41071,18 to 49 years,485
12,41071,0 - 17 years,76
12,41071,65+ years,118
12,41071,Unknown,25
4,53003,Unknown,15
8,53003,Unknown,14
8,53003,18 to 49 years,16
9,53003,18 to 49 years,11
9,53003,50 to 64 years,17
9,53003,65+ years,24
9,53003,Unknown,19
10,53003,50 to 64 years,60
10,53003,65+ years,52
10,53003,18 to 49 years,120
10,53003,0 - 17 years,11
11,53003,18 to 49 years,232
11,53003,0 - 17 years,29
11,53003,50 to 64 years,116
11,53003,65+ years,90
11,53003,Unknown,18
12,53003,18 to 49 years,134
12,53003,50 to 64 years,58
12,53003,65+ years,64
12,53003,0 - 17 years,13
3,53005,65+ years,93
3,53005,18 to 49 years,79
3,53005,50 to 64 years,39
3,53005,Unknown,12
4,53005,18 to 49 years,188
4,53005,50 to 64 years,64
4,53005,65+ years,78
4,53005,0 - 17 years,15
5,53005,18 to 49 years,228
5,53005,65+ years,64
5,53005,50 to 64 years,56
5,53005,0 - 17 years,27
6,53005,18 to 49 years,728
6,53005,50 to 64 years,208
6,53005,Unknown,20
6,53005,65+ years,119
6,53005,0 - 17 years,92
7,53005,0 - 17 years,189
7,53005,18 to 49 years,988
7,53005,50 to 64 years,223
7,53005,65+ years,115
7,53005,Unknown,23
8,53005,65+ years,41
8,53005,18 to 49 years,375
8,53005,0 - 17 years,68
8,53005,50 to 64 years,108
9,53005,18 to 49 years,270
9,53005,65+ years,59
9,53005,50 to 64 years,78
9,53005,0 - 17 years,46
9,53005,Unknown,22
10,53005,0 - 17 years,114
10,53005,65+ years,86
10,53005,18 to 49 years,559
10,53005,50 to 64 years,179
10,53005,Unknown,18
11,53005,65+ years,323
11,53005,18 to 49 years,1786
11,53005,50 to 64 years,586
11,53005,Unknown,26
11,53005,0 - 17 years,385
12,53005,0 - 17 years,456
12,53005,65+ years,316
12,53005,50 to 64 years,529
12,53005,18 to 49 years,1719
12,53005,Unknown,11
3,53007,18 to 49 years,13
3,53007,65+ years,11
4,53007,18 to 49 years,62
4,53007,50 to 64 years,12
4,53007,65+ years,14
4,53007,Unknown,14
5,53007,18 to 49 years,81
5,53007,50 to 64 years,17
5,53007,0 - 17 years,15
5,53007,Unknown,14
6,53007,18 to 49 years,102
6,53007,0 - 17 years,12
6,53007,50 to 64 years,21
7,53007,0 - 17 years,111
7,53007,50 to 64 years,135
7,53007,18 to 49 years,536
7,53007,65+ years,69
8,53007,18 to 49 years,367
8,53007,50 to 64 years,106
8,53007,65+ years,37
8,53007,0 - 17 years,60
9,53007,0 - 17 years,46
9,53007,18 to 49 years,168
9,53007,65+ years,29
9,53007,50 to 64 years,50
10,53007,18 to 49 years,198
10,53007,50 to 64 years,65
10,53007,0 - 17 years,49
10,53007,65+ years,33
11,53007,50 to 64 years,258
11,53007,0 - 17 years,190
11,53007,18 to 49 years,678
11,53007,65+ years,163
12,53007,50 to 64 years,210
12,53007,18 to 49 years,729
12,53007,0 - 17 years,204
12,53007,65+ years,161
6,53009,Unknown,18
7,53009,50 to 64 years,12
7,53009,Unknown,11
7,53009,0 - 17 years,15
7,53009,18 to 49 years,27
8,53009,18 to 49 years,64
8,53009,0 - 17 years,22
8,53009,Unknown,11
9,53009,18 to 49 years,11
9,53009,Unknown,21
10,53009,18 to 49 years,11
10,53009,Unknown,25
11,53009,0 - 17 years,24
11,53009,65+ years,67
11,53009,50 to 64 years,50
11,53009,18 to 49 years,120
12,53009,50 to 64 years,30
12,53009,65+ years,42
12,53009,18 to 49 years,108
12,53009,Unknown,19
12,53009,0 - 17 years,12
3,53011,50 to 64 years,59
3,53011,65+ years,31
3,53011,18 to 49 years,72
3,53011,Unknown,14
4,53011,50 to 64 years,39
4,53011,18 to 49 years,81
4,53011,65+ years,58
4,53011,Unknown,16
5,53011,18 to 49 years,108
5,53011,0 - 17 years,25
5,53011,50 to 64 years,29
5,53011,Unknown,29
6,53011,Unknown,24
6,53011,18 to 49 years,259
6,53011,65+ years,31
6,53011,50 to 64 years,61
6,53011,0 - 17 years,25
7,53011,18 to 49 years,601
7,53011,65+ years,100
7,53011,50 to 64 years,158
7,53011,0 - 17 years,137
7,53011,Unknown,17
8,53011,0 - 17 years,72
8,53011,50 to 64 years,178
8,53011,65+ years,118
8,53011,18 to 49 years,443
9,53011,65+ years,134
9,53011,50 to 64 years,152
9,53011,18 to 49 years,531
9,53011,0 - 17 years,98
9,53011,Unknown,14
10,53011,18 to 49 years,1062
10,53011,0 - 17 years,137
10,53011,65+ years,185
10,53011,50 to 64 years,330
10,53011,Unknown,15
11,53011,0 - 17 years,491
11,53011,65+ years,431
11,53011,18 to 49 years,2742
11,53011,50 to 64 years,846
11,53011,Unknown,19
12,53011,18 to 49 years,2643
12,53011,50 to 64 years,771
12,53011,0 - 17 years,492
12,53011,65+ years,456
12,53011,Unknown,15
3,53015,Unknown,13
3,53015,18 to 49 years,12
4,53015,18 to 49 years,19
4,53015,50 to 64 years,13
5,53015,18 to 49 years,12
6,53015,18 to 49 years,93
6,53015,50 to 64 years,15
6,53015,0 - 17 years,13
6,53015,65+ years,13
6,53015,Unknown,11
7,53015,18 to 49 years,157
7,53015,Unknown,17
7,53015,50 to 64 years,33
7,53015,0 - 17 years,29
7,53015,65+ years,12
8,53015,0 - 17 years,11
8,53015,18 to 49 years,55
8,53015,50 to 64 years,17
8,53015,Unknown,11
9,53015,50 to 64 years,25
9,53015,65+ years,19
9,53015,18 to 49 years,78
9,53015,0 - 17 years,17
10,53015,18 to 49 years,111
10,53015,0 - 17 years,12
10,53015,50 to 64 years,47
10,53015,65+ years,28
10,53015,Unknown,17
11,53015,18 to 49 years,455
11,53015,0 - 17 years,95
11,53015,65+ years,103
11,53015,50 to 64 years,136
11,53015,Unknown,17
12,53015,18 to 49 years,569
12,53015,0 - 17 years,117
12,53015,65+ years,153
12,53015,50 to 64 years,175
3,53017,Unknown,15
4,53017,18 to 49 years,49
4,53017,Unknown,30
5,53017,18 to 49 years,54
5,53017,50 to 64 years,19
5,53017,Unknown,12
6,53017,18 to 49 years,63
6,53017,0 - 17 years,20
6,53017,50 to 64 years,17
7,53017,18 to 49 years,361
7,53017,0 - 17 years,87
7,53017,65+ years,41
7,53017,50 to 64 years,106
8,53017,18 to 49 years,203
8,53017,50 to 64 years,53
8,53017,0 - 17 years,57
8,53017,65+ years,18
9,53017,18 to 49 years,69
9,53017,0 - 17 years,15
9,53017,50 to 64 years,20
9,53017,Unknown,11
10,53017,18 to 49 years,77
10,53017,50 to 64 years,15
10,53017,0 - 17 years,18
10,53017,65+ years,16
11,53017,0 - 17 years,96
11,53017,50 to 64 years,89
11,53017,18 to 49 years,340
11,53017,65+ years,66
12,53017,0 - 17 years,107
12,53017,65+ years,82
12,53017,18 to 49 years,364
12,53017,50 to 64 years,100
3,53021,Unknown,23
3,53021,18 to 49 years,36
3,53021,50 to 64 years,29
4,53021,50 to 64 years,80
4,53021,18 to 49 years,173
4,53021,65+ years,44
4,53021,Unknown,13
5,53021,18 to 49 years,221
5,53021,65+ years,32
5,53021,50 to 64 years,88
5,53021,0 - 17 years,30
5,53021,Unknown,19
6,53021,50 to 64 years,246
6,53021,18 to 49 years,898
6,53021,0 - 17 years,121
6,53021,65+ years,100
6,53021,Unknown,14
7,53021,18 to 49 years,844
7,53021,0 - 17 years,182
7,53021,65+ years,67
7,53021,50 to 64 years,223
8,53021,18 to 49 years,351
8,53021,50 to 64 years,96
8,53021,0 - 17 years,96
8,53021,65+ years,42
9,53021,18 to 49 years,233
9,53021,0 - 17 years,28
9,53021,50 to 64 years,63
9,53021,65+ years,22
9,53021,Unknown,24
10,53021,50 to 64 years,102
10,53021,0 - 17 years,105
10,53021,18 to 49 years,406
10,53021,65+ years,58
11,53021,65+ years,177
11,53021,50 to 64 years,328
11,53021,18 to 49 years,1293
11,53021,0 - 17 years,360
12,53021,50 to 64 years,299
12,53021,65+ years,124
12,53021,18 to 49 years,1203
12,53021,Unknown,26
12,53021,0 - 17 years,379
3,53025,18 to 49 years,59
3,53025,65+ years,12
3,53025,50 to 64 years,26
4,53025,50 to 64 years,11
4,53025,Unknown,19
4,53025,18 to 49 years,41
5,53025,18 to 49 years,45
5,53025,Unknown,15
5,53025,50 to 64 years,13
6,53025,18 to 49 years,214
6,53025,0 - 17 years,51
6,53025,50 to 64 years,62
6,53025,65+ years,32
6,53025,Unknown,17
7,53025,Unknown,20
7,53025,50 to 64 years,110
7,53025,65+ years,49
7,53025,18 to 49 years,472
7,53025,0 - 17 years,86
8,53025,18 to 49 years,684
8,53025,65+ years,65
8,53025,Unknown,11
8,53025,0 - 17 years,119
8,53025,50 to 64 years,157
9,53025,18 to 49 years,436
9,53025,65+ years,27
9,53025,50 to 64 years,103
9,53025,0 - 17 years,64
9,53025,Unknown,17
10,53025,18 to 49 years,193
10,53025,50 to 64 years,71
10,53025,65+ years,63
10,53025,Unknown,21
10,53025,0 - 17 years,38
11,53025,18 to 49 years,679
11,53025,0 - 17 years,175
11,53025,50 to 64 years,219
11,53025,65+ years,58
11,53025,Unknown,26
12,53025,0 - 17 years,265
12,53025,18 to 49 years,872
12,53025,50 to 64 years,250
12,53025,65+ years,143
12,53025,Unknown,18
6,53027,18 to 49 years,11
6,53027,Unknown,14
7,53027,Unknown,12
7,53027,18 to 49 years,40
7,53027,50 to 64 years,13
8,53027,18 to 49 years,108
8,53027,0 - 17 years,25
8,53027,50 to 64 years,35
8,53027,65+ years,25
9,53027,18 to 49 years,144
9,53027,0 - 17 years,54
9,53027,50 to 64 years,47
9,53027,65+ years,26
10,53027,65+ years,46
10,53027,18 to 49 years,79
10,53027,0 - 17 years,36
10,53027,50 to 64 years,47
10,53027,Unknown,15
11,53027,18 to 49 years,243
11,53027,65+ years,63
11,53027,50 to 64 years,113
11,53027,Missing,42
11,53027,0 - 17 years,40
12,53027,18 to 49 years,749
12,53027,50 to 64 years,313
12,53027,65+ years,111
12,53027,0 - 17 years,93
12,53027,Unknown,16
3,53029,18 to 49 years,40
3,53029,65+ years,59
3,53029,50 to 64 years,38
3,53029,Unknown,13
4,53029,Unknown,23
6,53029,Unknown,20
7,53029,18 to 49 years,13
7,53029,Unknown,28
8,53029,18 to 49 years,20
9,53029,18 to 49 years,26
9,53029,Unknown,26
10,53029,65+ years,16
10,53029,18 to 49 years,56
10,53029,50 to 64 years,22
10,53029,0 - 17 years,12
11,53029,50 to 64 years,49
11,53029,65+ years,53
11,53029,18 to 49 years,170
11,53029,0 - 17 years,25
12,53029,Unknown,27
12,53029,18 to 49 years,153
12,53029,50 to 64 years,36
12,53029,65+ years,37
2,53033,50 to 64 years,42
2,53033,65+ years,72
2,53033,Unknown,12
2,53033,18 to 49 years,43
3,53033,50 to 64 years,974
3,53033,18 to 49 years,1637
3,53033,65+ years,1040
3,53033,Unknown,11
3,53033,0 - 17 years,39
4,53033,18 to 49 years,1549
4,53033,50 to 64 years,784
4,53033,0 - 17 years,107
4,53033,65+ years,665
4,53033,Unknown,19
5,53033,18 to 49 years,924
5,53033,65+ years,272
5,53033,50 to 64 years,302
5,53033,0 - 17 years,155
5,53033,Unknown,23
6,53033,18 to 49 years,1891
6,53033,50 to 64 years,370
6,53033,65+ years,216
6,53033,0 - 17 years,266
6,53033,Unknown,20
7,53033,65+ years,441
7,53033,0 - 17 years,611
7,53033,50 to 64 years,827
7,53033,18 to 49 years,3238
8,53033,0 - 17 years,614
8,53033,18 to 49 years,2288
8,53033,50 to 64 years,620
8,53033,65+ years,360
8,53033,Unknown,15
9,53033,0 - 17 years,327
9,53033,65+ years,239
9,53033,18 to 49 years,1937
9,53033,50 to 64 years,503
10,53033,0 - 17 years,822
10,53033,50 to 64 years,974
10,53033,18 to 49 years,4031
10,53033,Missing,19
10,53033,65+ years,483
11,53033,18 to 49 years,12005
11,53033,65+ years,1625
11,53033,50 to 64 years,3209
11,53033,0 - 17 years,2367
11,53033,Unknown,13
12,53033,0 - 17 years,2277
12,53033,18 to 49 years,10510
12,53033,65+ years,2088
12,53033,50 to 64 years,3269
12,53033,Unknown,16
12,53033,Missing,13
3,53035,65+ years,22
3,53035,18 to 49 years,52
3,53035,50 to 64 years,29
3,53035,Unknown,12
4,53035,Unknown,23
4,53035,18 to 49 years,17
5,53035,Unknown,13
6,53035,18 to 49 years,59
6,53035,65+ years,12
6,53035,0 - 17 years,11
6,53035,50 to 64 years,16
6,53035,Unknown,13
7,53035,18 to 49 years,292
7,53035,0 - 17 years,45
7,53035,Unknown,11
7,53035,50 to 64 years,56
7,53035,65+ years,42
8,53035,50 to 64 years,65
8,53035,18 to 49 years,201
8,53035,65+ years,46
8,53035,0 - 17 years,18
9,53035,0 - 17 years,17
9,53035,Unknown,12
9,53035,18 to 49 years,122
9,53035,50 to 64 years,57
9,53035,65+ years,45
10,53035,0 - 17 years,75
10,53035,18 to 49 years,202
10,53035,50 to 64 years,86
10,53035,65+ years,60
11,53035,50 to 64 years,233
11,53035,18 to 49 years,615
11,53035,0 - 17 years,129
11,53035,65+ years,153
12,53035,0 - 17 years,171
12,53035,65+ years,188
12,53035,50 to 64 years,262
12,53035,18 to 49 years,712
5,53037,50 to 64 years,14
5,53037,18 to 49 years,42
5,53037,0 - 17 years,13
6,53037,18 to 49 years,62
6,53037,Unknown,32
7,53037,18 to 49 years,122
7,53037,Unknown,12
7,53037,65+ years,73
7,53037,50 to 64 years,24
8,53037,18 to 49 years,39
8,53037,Unknown,18
9,53037,Unknown,18
9,53037,18 to 49 years,97
10,53037,18 to 49 years,191
10,53037,0 - 17 years,25
10,53037,65+ years,11
10,53037,50 to 64 years,22
11,53037,50 to 64 years,92
11,53037,65+ years,39
11,53037,0 - 17 years,55
11,53037,18 to 49 years,254
11,53037,Unknown,18
12,53037,18 to 49 years,267
12,53037,65+ years,113
12,53037,0 - 17 years,93
12,53037,50 to 64 years,107
12,53037,Unknown,12
3,53041,Unknown,18
6,53041,18 to 49 years,24
6,53041,50 to 64 years,13
6,53041,Unknown,13
7,53041,18 to 49 years,74
7,53041,65+ years,14
7,53041,50 to 64 years,14
7,53041,0 - 17 years,11
8,53041,65+ years,17
8,53041,Unknown,12
8,53041,50 to 64 years,22
8,53041,18 to 49 years,107
8,53041,0 - 17 years,12
9,53041,18 to 49 years,128
9,53041,0 - 17 years,11
9,53041,65+ years,65
9,53041,50 to 64 years,52
10,53041,18 to 49 years,102
10,53041,0 - 17 years,26
10,53041,50 to 64 years,43
10,53041,65+ years,27
11,53041,18 to 49 years,367
11,53041,50 to 64 years,131
11,53041,0 - 17 years,109
11,53041,65+ years,104
12,53041,18 to 49 years,555
12,53041,50 to 64 years,162
12,53041,65+ years,143
12,53041,0 - 17 years,157
3,53045,Unknown,19
6,53045,Unknown,20
7,53045,18 to 49 years,93
7,53045,Unknown,16
7,53045,50 to 64 years,16
7,53045,0 - 17 years,17
8,53045,0 - 17 years,29
8,53045,18 to 49 years,63
8,53045,50 to 64 years,16
8,53045,65+ years,14
8,53045,Unknown,16
9,53045,18 to 49 years,41
9,53045,0 - 17 years,12
9,53045,50 to 64 years,11
9,53045,65+ years,25
9,53045,Unknown,15
10,53045,18 to 49 years,56
10,53045,0 - 17 years,14
10,53045,50 to 64 years,26
10,53045,65+ years,17
11,53045,18 to 49 years,305
11,53045,0 - 17 years,24
11,53045,65+ years,55
11,53045,50 to 64 years,116
12,53045,0 - 17 years,24
12,53045,18 to 49 years,505
12,53045,50 to 64 years,116
12,53045,Unknown,19
12,53045,65+ years,50
4,53047,Unknown,14
5,53047,18 to 49 years,13
5,53047,Unknown,19
6,53047,18 to 49 years,55
6,53047,Unknown,22
6,53047,50 to 64 years,13
7,53047,0 - 17 years,103
7,53047,50 to 64 years,109
7,53047,18 to 49 years,417
7,53047,65+ years,51
7,53047,Unknown,15
8,53047,18 to 49 years,157
8,53047,50 to 64 years,50
8,53047,0 - 17 years,28
8,53047,Unknown,12
8,53047,65+ years,12
9,53047,Unknown,18
9,53047,18 to 49 years,19
10,53047,18 to 49 years,29
10,53047,0 - 17 years,12
10,53047,50 to 64 years,11
11,53047,18 to 49 years,97
11,53047,50 to 64 years,46
11,53047,Unknown,12
11,53047,0 - 17 years,29
11,53047,65+ years,57
12,53047,0 - 17 years,50
12,53047,18 to 49 years,226
12,53047,65+ years,86
12,53047,50 to 64 years,92
2,53053,Unknown,14
3,53053,50 to 64 years,235
3,53053,18 to 49 years,362
3,53053,65+ years,163
3,53053,0 - 17 years,13
3,53053,Unknown,11
4,53053,50 to 64 years,210
4,53053,65+ years,155
4,53053,18 to 49 years,409
4,53053,0 - 17 years,27
5,53053,18 to 49 years,256
5,53053,50 to 64 years,97
5,53053,0 - 17 years,38
5,53053,65+ years,75
6,53053,50 to 64 years,119
6,53053,65+ years,80
6,53053,18 to 49 years,575
6,53053,0 - 17 years,47
7,53053,18 to 49 years,1652
7,53053,50 to 64 years,388
7,53053,0 - 17 years,255
7,53053,Unknown,18
7,53053,65+ years,264
8,53053,18 to 49 years,983
8,53053,0 - 17 years,176
8,53053,65+ years,175
8,53053,50 to 64 years,302
9,53053,65+ years,139
9,53053,18 to 49 years,781
9,53053,0 - 17 years,144
9,53053,50 to 64 years,237
9,53053,Unknown,19
10,53053,18 to 49 years,1585
10,53053,50 to 64 years,538
10,53053,65+ years,314
10,53053,Unknown,12
10,53053,0 - 17 years,322
11,53053,18 to 49 years,4682
11,53053,65+ years,761
11,53053,0 - 17 years,965
11,53053,50 to 64 years,1361
11,53053,Unknown,22
12,53053,18 to 49 years,5064
12,53053,50 to 64 years,1664
12,53053,0 - 17 years,1141
12,53053,65+ years,1085
12,53053,Unknown,23
3,53057,18 to 49 years,72
3,53057,50 to 64 years,34
3,53057,65+ years,56
4,53057,18 to 49 years,113
4,53057,50 to 64 years,55
4,53057,65+ years,28
4,53057,0 - 17 years,13
5,53057,18 to 49 years,40
5,53057,Unknown,11
5,53057,50 to 64 years,14
6,53057,18 to 49 years,75
6,53057,Unknown,15
6,53057,0 - 17 years,13
7,53057,18 to 49 years,164
7,53057,65+ years,42
7,53057,0 - 17 years,48
7,53057,50 to 64 years,56
8,53057,18 to 49 years,121
8,53057,50 to 64 years,25
8,53057,0 - 17 years,42
8,53057,65+ years,17
9,53057,65+ years,17
9,53057,Unknown,14
9,53057,18 to 49 years,47
9,53057,50 to 64 years,17
10,53057,18 to 49 years,118
10,53057,0 - 17 years,27
10,53057,65+ years,22
10,53057,50 to 64 years,43
10,53057,Unknown,17
11,53057,18 to 49 years,533
11,53057,50 to 64 years,181
11,53057,Unknown,15
11,53057,0 - 17 years,152
11,53057,65+ years,109
12,53057,0 - 17 years,142
12,53057,18 to 49 years,557
12,53057,65+ years,130
12,53057,Unknown,28
12,53057,50 to 64 years,173
2,53061,18 to 49 years,30
2,53061,65+ years,29
2,53061,50 to 64 years,14
2,53061,Unknown,12
3,53061,18 to 49 years,747
3,53061,Unknown,21
3,53061,50 to 64 years,495
3,53061,65+ years,339
3,53061,0 - 17 years,13
4,53061,18 to 49 years,454
4,53061,65+ years,202
4,53061,0 - 17 years,44
4,53061,50 to 64 years,218
5,53061,50 to 64 years,85
5,53061,65+ years,95
5,53061,18 to 49 years,219
5,53061,0 - 17 years,30
6,53061,50 to 64 years,115
6,53061,0 - 17 years,101
6,53061,18 to 49 years,437
6,53061,65+ years,76
7,53061,18 to 49 years,1041
7,53061,0 - 17 years,204
7,53061,65+ years,126
7,53061,50 to 64 years,250
7,53061,Unknown,21
8,53061,18 to 49 years,700
8,53061,0 - 17 years,135
8,53061,50 to 64 years,168
8,53061,65+ years,101
9,53061,50 to 64 years,162
9,53061,18 to 49 years,546
9,53061,0 - 17 years,123
9,53061,65+ years,89
10,53061,18 to 49 years,1437
10,53061,50 to 64 years,439
10,53061,0 - 17 years,261
10,53061,65+ years,252
11,53061,18 to 49 years,4009
11,53061,0 - 17 years,832
11,53061,65+ years,677
11,53061,50 to 64 years,1177
12,53061,18 to 49 years,3972
12,53061,0 - 17 years,949
12,53061,50 to 64 years,1345
12,53061,65+ years,977
3,53063,65+ years,53
3,53063,50 to 64 years,78
3,53063,18 to 49 years,101
4,53063,Unknown,35
4,53063,18 to 49 years,45
4,53063,65+ years,52
4,53063,50 to 64 years,14
5,53063,18 to 49 years,183
5,53063,50 to 64 years,37
5,53063,0 - 17 years,38
5,53063,65+ years,14
5,53063,Unknown,13
6,53063,50 to 64 years,137
6,53063,18 to 49 years,766
6,53063,0 - 17 years,128
6,53063,65+ years,70
6,53063,Unknown,22
7,53063,65+ years,348
7,53063,50 to 64 years,406
7,53063,0 - 17 years,218
7,53063,18 to 49 years,1436
8,53063,0 - 17 years,99
8,53063,18 to 49 years,738
8,53063,65+ years,181
8,53063,50 to 64 years,257
8,53063,Unknown,18
9,53063,18 to 49 years,1095
9,53063,65+ years,255
9,53063,Unknown,15
9,53063,50 to 64 years,374
9,53063,0 - 17 years,209
10,53063,18 to 49 years,1638
10,53063,65+ years,415
10,53063,0 - 17 years,357
10,53063,50 to 64 years,570
10,53063,Unknown,21
11,53063,0 - 17 years,955
11,53063,50 to 64 years,1542
11,53063,18 to 49 years,4821
11,53063,65+ years,992
11,53063,Unknown,25
12,53063,18 to 49 years,5288
12,53063,50 to 64 years,1804
12,53063,0 - 17 years,925
12,53063,65+ years,1245
12,53063,Unknown,34
6,53065,Unknown,11
7,53065,Unknown,12
7,53065,0 - 17 years,14
7,53065,18 to 49 years,39
7,53065,50 to 64 years,12
8,53065,18 to 49 years,14
8,53065,Unknown,17
9,53065,18 to 49 years,34
9,53065,50 to 64 years,14
9,53065,Unknown,13
9,53065,65+ years,12
10,53065,50 to 64 years,24
10,53065,65+ years,19
10,53065,0 - 17 years,18
10,53065,18 to 49 years,70
11,53065,18 to 49 years,207
11,53065,0 - 17 years,44
11,53065,50 to 64 years,132
11,53065,65+ years,99
12,53065,18 to 49 years,203
12,53065,50 to 64 years,83
12,53065,0 - 17 years,46
12,53065,65+ years,91
3,53067,18 to 49 years,33
3,53067,50 to 64 years,29
3,53067,65+ years,15
4,53067,Unknown,25
4,53067,18 to 49 years,14
5,53067,18 to 49 years,11
5,53067,50 to 64 years,13
5,53067,65+ years,15
6,53067,18 to 49 years,91
6,53067,0 - 17 years,14
6,53067,65+ years,25
6,53067,Unknown,12
6,53067,50 to 64 years,11
7,53067,0 - 17 years,42
7,53067,18 to 49 years,232
7,53067,50 to 64 years,79
7,53067,65+ years,32
7,53067,Unknown,11
8,53067,50 to 64 years,52
8,53067,18 to 49 years,179
8,53067,0 - 17 years,48
8,53067,65+ years,27
8,53067,Unknown,11
9,53067,65+ years,45
9,53067,18 to 49 years,142
9,53067,50 to 64 years,54
9,53067,0 - 17 years,30
9,53067,Unknown,12
10,53067,0 - 17 years,71
10,53067,50 to 64 years,106
10,53067,65+ years,165
10,53067,18 to 49 years,337
10,53067,Unknown,17
11,53067,18 to 49 years,900
11,53067,50 to 64 years,281
11,53067,65+ years,157
11,53067,0 - 17 years,204
11,53067,Unknown,14
12,53067,18 to 49 years,953
12,53067,50 to 64 years,310
12,53067,0 - 17 years,198
12,53067,65+ years,140
12,53067,Unknown,14
3,53071,Unknown,13
4,53071,50 to 64 years,18
4,53071,Unknown,14
4,53071,18 to 49 years,47
5,53071,18 to 49 years,14
6,53071,18 to 49 years,55
6,53071,50 to 64 years,15
6,53071,Unknown,14
7,53071,65+ years,18
7,53071,50 to 64 years,60
7,53071,18 to 49 years,177
7,53071,0 - 17 years,31
8,53071,18 to 49 years,179
8,53071,65+ years,26
8,53071,50 to 64 years,75
8,53071,0 - 17 years,23
9,53071,18 to 49 years,92
9,53071,50 to 64 years,23
9,53071,65+ years,15
9,53071,0 - 17 years,17
10,53071,18 to 49 years,242
10,53071,0 - 17 years,44
10,53071,65+ years,77
10,53071,50 to 64 years,54
11,53071,0 - 17 years,95
11,53071,50 to 64 years,199
11,53071,65+ years,157
11,53071,18 to 49 years,646
12,53071,18 to 49 years,881
12,53071,50 to 64 years,240
12,53071,0 - 17 years,103
12,53071,65+ years,135
3,53073,65+ years,73
3,53073,18 to 49 years,92
3,53073,50 to 64 years,48
4,53073,18 to 49 years,44
4,53073,65+ years,25
4,53073,50 to 64 years,14
4,53073,Unknown,15
5,53073,18 to 49 years,38
5,53073,0 - 17 years,12
5,53073,65+ years,11
5,53073,Unknown,28
6,53073,18 to 49 years,159
6,53073,0 - 17 years,30
6,53073,65+ years,24
6,53073,50 to 64 years,29
6,53073,Unknown,23
7,53073,0 - 17 years,55
7,53073,18 to 49 years,162
7,53073,50 to 64 years,41
7,53073,65+ years,13
7,53073,Unknown,19
8,53073,18 to 49 years,93
8,53073,0 - 17 years,41
8,53073,65+ years,14
8,53073,50 to 64 years,30
9,53073,18 to 49 years,151
9,53073,65+ years,46
9,53073,0 - 17 years,32
9,53073,50 to 64 years,36
9,53073,Unknown,11
10,53073,18 to 49 years,138
10,53073,50 to 64 years,28
10,53073,65+ years,45
10,53073,0 - 17 years,37
10,53073,Unknown,14
11,53073,18 to 49 years,605
11,53073,0 - 17 years,138
11,53073,50 to 64 years,150
11,53073,65+ years,86
11,53073,Unknown,13
12,53073,50 to 64 years,180
12,53073,0 - 17 years,178
12,53073,18 to 49 years,636
12,53073,65+ years,105
3,53075,Unknown,11
6,53075,18 to 49 years,16
6,53075,Unknown,11
7,53075,50 to 64 years,14
7,53075,18 to 49 years,31
8,53075,18 to 49 years,563
8,53075,0 - 17 years,12
9,53075,Unknown,13
9,53075,18 to 49 years,666
9,53075,0 - 17 years,14
10,53075,0 - 17 years,12
10,53075,50 to 64 years,53
10,53075,18 to 49 years,303
10,53075,65+ years,96
11,53075,18 to 49 years,419
11,53075,50 to 64 years,56
11,53075,65+ years,37
11,53075,0 - 17 years,46
12,53075,18 to 49 years,234
12,53075,65+ years,88
12,53075,50 to 64 years,56
12,53075,0 - 17 years,34
3,53077,65+ years,90
3,53077,50 to 64 years,87
3,53077,18 to 49 years,177
4,53077,18 to 49 years,663
4,53077,50 to 64 years,271
4,53077,0 - 17 years,66
4,53077,65+ years,212
5,53077,18 to 49 years,1759
5,53077,0 - 17 years,224
5,53077,50 to 64 years,561
5,53077,65+ years,297
5,53077,Unknown,17
6,53077,18 to 49 years,2240
6,53077,50 to 64 years,593
6,53077,0 - 17 years,406
6,53077,65+ years,370
6,53077,Unknown,22
7,53077,50 to 64 years,377
7,53077,65+ years,180
7,53077,0 - 17 years,295
7,53077,18 to 49 years,1332
8,53077,18 to 49 years,598
8,53077,65+ years,114
8,53077,0 - 17 years,102
8,53077,50 to 64 years,155
9,53077,18 to 49 years,414
9,53077,50 to 64 years,88
9,53077,0 - 17 years,60
9,53077,65+ years,43
9,53077,Unknown,22
10,53077,18 to 49 years,454
10,53077,50 to 64 years,109
10,53077,65+ years,88
10,53077,0 - 17 years,103
10,53077,Unknown,14
11,53077,18 to 49 years,1534
11,53077,65+ years,282
11,53077,0 - 17 years,318
11,53077,50 to 64 years,464
11,53077,Unknown,21
12,53077,18 to 49 years,3453
12,53077,0 - 17 years,760
12,53077,65+ years,675
12,53077,50 to 64 years,1092
12,53077,Unknown,29
